-0.97,0,0.977,-0.93,-0.96,-1
0.966,0,0,0.802,0.884,-1
0.702,-0.65,0,0.788,0.713,-1
0,0,0,0.939,0.939,-1
0,0,0,0.939,0.939,-1
-0.82,0,0,-0.95,-0.89,-1
-0.96,0,-0.81,-0.85,-0.87,-1
0.965,0.964,0,0,0.964,-1
0.965,0.964,0,0,0.964,-1
0.855,0,0,0.899,0.877,-1
0.708,-0.84,0,0,0.778,-1
-0.74,0,0.876,-0.86,-0.82,-1
0.95,0,0,0,0.95,-1
0,0.935,0,0,0.935,-1
0.944,0.946,0,0,0.945,-1
-0.8,0,0.856,-0.84,-0.83,-1
1,0,0,0.66,0.83,-1
0,0,-0.74,-0.84,-0.79,-1
0.922,0.776,0,0,0.849,-1
0,0.853,0,0.942,0.897,-1
-0.61,0,0.981,-0.98,-0.85,-1
0,0.943,0,0.903,0.923,-1
0,0,0.869,0,-0.86,-1
0.966,0,0,0.802,0.884,-1
-0.85,0,0.872,-0.94,-0.89,-1
0.956,0,0,0.914,0.935,-1
0.944,0.946,0,0,0.945,-1
-0.42,0,-0.21,-0.2,-0.28,-1
0.979,-0.8,0,0,0.891,-1
0.931,0.947,0,0,0.939,-1
-0.99,0,-0.73,0,-0.86,-1
-0.99,0,-0.73,0,-0.86,-1
0.936,-0.79,0,0.552,0.761,-1
0.638,-0.99,0,0.631,0.755,-1
-0.75,0,-1,0,-0.87,-1
0,0.348,-0.32,0.382,0.136,-1
0.519,-0.99,0,0.741,0.75,-1
0,0,0,-0.85,-0.85,-1
0.895,0,0,0.969,0.932,-1
-0.86,0,0.897,-0.81,-0.85,-1
0,0.82,0,0.822,0.821,-1
0.836,0.717,0,0,0.776,-1
0.673,-0.66,0,0.921,0.753,-1
-0.97,0,0.54,-0.55,-0.69,-1
0.76,0.72,0,0.744,0.741,-1
0.876,0.948,0,0,0.912,-1
0.575,-0.62,0,0.596,0.598,-1
0,-0.94,0,0.744,0.846,-1
0.026,0.069,0,0,0.048,-1
0.986,0.979,0,0,0.982,-1
0.965,0.964,0,0,0.964,-1
0.637,-0.84,0,0.845,0.774,-1
0.76,0.72,0,0.744,0.741,-1
-0.15,0,-0.21,-0.15,-0.17,-1
0.575,-0.62,0,0.596,0.598,-1
0.637,-0.84,0,0.845,0.774,-1
-0.8,0,0.522,-0.83,-0.71,-1
-0.04,0.11,0,0.116,0.061,-1
-0.87,0,-0.86,0,-0.86,-1
0,0,-0.94,-0.96,-0.95,-1
0.956,0,0,0.914,0.935,-1
-0.99,0,-0.73,0,-0.86,-1
0,0.942,0,0.916,0.929,-1
-0.9,0,-0.94,0,-0.92,-1
0.052,0.206,0,0.153,0.137,-1
-1,0,0,0,-1,-1
-0.95,0,0.475,-0.91,-0.78,-1
-0.9,0,-0.94,0,-0.92,-1
0.861,-0.86,0,0,0.862,-1
0.295,0.239,0.049,0.346,0.208,-1
-0.95,0,-0.7,-0.96,-0.87,-1
0.89,0,0,0.841,0.865,-1
0.843,0.977,0,0,0.91,-1
0.993,0.962,0,0.845,0.933,-1
-0.9,0,0.636,-0.95,-0.83,-1
0.84,0,0,0.707,0.773,-1
-0.81,0,0.884,-0.87,-0.85,-1
0.03,0.09,-0.05,0.062,0.032,-1
-0.9,0,0.636,-0.95,-0.83,-1
0.993,0.962,0,0.845,0.933,-1
0,0.112,0,0.137,0.124,-1
0.656,-0.81,0,0.909,0.794,-1
-0.84,0,0.7,-0.92,-0.82,-1
0,0.903,0,0.911,0.907,-1
0,0,0.771,-0.82,-0.79,-1
-0.1,-0.04,-0.12,-0.15,-0.08,-1
0.956,0,0,0.914,0.935,-1
-0.95,0,0,0,-0.95,-1
-0.97,0,0,-0.86,-0.91,-1
-0.84,0,-0.8,0,-0.82,-1
0.909,0.983,0,0,0.946,-1
0.944,0.946,0,0,0.945,-1
0.993,0.962,0,0.845,0.933,-1
0,0.717,0,0.765,0.741,-1
-0.98,0,-0.95,0,-0.97,-1
0.966,0.896,0,0,0.931,-1
0.796,0.925,0,0,0.861,-1
0,0.99,0,0.782,0.886,-1
0.909,0.983,0,0,0.946,-1
0.993,0.962,0,0.845,0.933,-1
-0.89,0,0.897,-0.67,-0.82,-1
0.767,0.992,0,0,0.879,-1
0.883,-0.59,0,0.533,0.67,-1
0.993,0.962,0,0.845,0.933,-1
0.62,-0.91,0,0.766,0.768,-1
0.855,0,0,0.899,0.877,-1
0.956,0,0,0.914,0.935,-1
0.86,-0.79,0,0.93,0.861,-1
0.718,0.78,0,0,0.749,-1
0,0,-0.98,-0.76,-0.87,-1
-0.74,0,0.823,0,-0.78,-1
-0.8,0,0.522,-0.83,-0.71,-1
0,0,-0.99,-0.85,-0.92,-1
0.667,-0.86,0,0.884,0.807,-1
0.899,-0.74,0,0,0.824,-1
0.052,0,0,0.069,0.06,-1
0.845,0.888,0,0,0.867,-1
0,0,0.869,0,-0.86,-1
0.799,0.834,0,0,0.817,-1
-0.2,-0.04,0,-0.18,-0.11,-1
-0.8,0,0.522,-0.83,-0.71,-1
0,0,0,0.884,0.884,-1
-0.81,0,-0.9,0,-0.85,-1
0,0,-0.94,0,-0.94,-1
0.856,0,0,0.862,0.859,-1
0.027,0.254,-0.2,0.294,0.092,-1
-0.8,0,0.856,-0.84,-0.83,-1
0.956,0,0,0.914,0.935,-1
-0.97,0,0,-0.78,-0.88,-1
0.996,0,0,0,0.996,-1
0,0,-0.96,-0.93,-0.95,-1
0.956,0,0,0.914,0.935,-1
-0.8,0,0.856,-0.84,-0.83,-1
0.86,-0.79,0,0.93,0.861,-1
-0.86,0,-0.99,0,-0.92,-1
0,-0.94,0,0.744,0.846,-1
0,0,-0.77,-0.88,-0.82,-1
0,0,-0.76,-0.75,-0.76,-1
-1,0,0,0,-1,-1
0,0.853,0,0.942,0.897,-1
0.993,0.962,0,0.845,0.933,-1
-1,0,0,0,-1,-1
0.796,0.925,0,0,0.861,-1
0,-0.94,0,0.744,0.846,-1
-0.88,0,-0.84,-0.95,-0.89,-1
0.966,0.896,0,0,0.931,-1
-0.78,0,0.585,-0.63,-0.66,-1
0,0.943,0,0,0.943,-1
0.931,-0.71,0,0.63,0.758,-1
0.863,-0.94,0,0.986,0.932,-1
0.092,0.114,0,0.108,0.105,-1
-0.91,0,-0.72,-0.99,-0.87,-1
0.707,0,0,0.734,0.72,-1
0.723,0,0,0.98,0.851,-1
-0.78,0,0.585,-0.63,-0.66,-1
-0.97,0,0,-0.87,-0.92,-1
-0.91,0,0,-0.87,-0.89,-1
0.707,0,0,0.734,0.72,-1
0,0.923,0,0,0.923,-1
0,0.853,0,0.942,0.897,-1
-0.94,0,0.991,-0.65,-0.86,-1
-0.97,0,0.676,-0.96,-0.87,-1
0,0,0.971,0,-0.97,-1
-0.81,0,-0.9,0,-0.85,-1
-0.06,0.32,-0.1,0.248,0.101,-1
-0.78,0,0.585,-0.63,-0.66,-1
0.027,0.254,-0.2,0.294,0.092,-1
0,0,0,-0.96,-0.96,-1
-0.79,0,-0.93,0,-0.86,-1
0,0.885,0,0.73,0.807,-1
0.931,-0.84,0,0.829,0.869,-1
0.707,0,0,0.734,0.72,-1
0,0.904,0,0.896,0.9,-1
0.969,0.904,0,0,0.936,-1
0.75,0.943,0,0,0.847,-1
0.956,0,0,0.914,0.935,-1
0.958,-0.72,0,0.72,0.801,-1
-0.86,0,0,-0.98,-0.92,-1
0,0.312,-0.1,0.207,0.137,-1
0.962,-0.89,0,0.855,0.905,-1
0.806,0.991,0,0.933,0.91,-1
0,0.782,0,0.802,0.792,-1
0.806,0.991,0,0.933,0.91,-1
-0.91,0,0,-0.81,-0.86,-1
0.785,-0.99,0,0.981,0.92,-1
0.956,0,0,0.914,0.935,-1
0.936,-0.79,0,0.552,0.761,-1
0.885,0,0,0.788,0.837,-1
0,0.766,0,0.975,0.871,-1
0.865,-0.84,0,0.915,0.875,-1
0,0,-0.78,0,-0.78,-1
0.941,0.822,0,0,0.881,-1
0,0.273,-0.16,0.277,0.129,-1
0.633,-0.79,0,0.935,0.789,-1
0,0.148,0,0.148,0.148,-1
0,0,0.957,-0.85,-0.9,-1
0.803,0.768,0,0,0.786,-1
0,0.326,-0.28,0.369,0.137,-1
-0.6,0,0.661,-0.87,-0.71,-1
-0.98,0,0.674,-0.93,-0.86,-1
0.784,0,0,0,0.784,-1
0.784,0,0,0,0.784,-1
0.083,0.179,-0.13,0.256,0.097,-1
0,0.943,0,0,0.943,-1
0.75,-0.88,0,0.989,0.875,-1
0.958,-0.72,0,0.72,0.801,-1
0.981,0.891,0,0,0.936,-1
-0.99,0,0,-0.7,-0.84,-1
-0.81,0,0,0,-0.81,-1
0.757,0.882,0,0.78,0.806,-1
0.956,0,0,0.914,0.935,-1
0.956,0,0,0.914,0.935,-1
0,0,0,0.939,0.939,-1
0.993,0.962,0,0.845,0.933,-1
-0.98,0,0.674,-0.93,-0.86,-1
0.855,0,0,0.899,0.877,-1
0.944,0.946,0,0,0.945,-1
0.098,0.165,-0.13,0.284,0.103,-1
-0.03,0.081,0,0.091,0.045,-1
0.053,0.127,-0.08,0.134,0.058,-1
-0.22,-0.03,0.026,-0.13,-0.08,-1
0.925,0.815,0,0,0.87,-1
0.86,0.825,0,0,0.843,-1
0.86,-0.79,0,0.93,0.861,-1
0.993,0.962,0,0.845,0.933,-1
0.249,0.33,-0.19,0.143,0.131,-1
0.956,0,0,0.914,0.935,-1
0.855,0,0,0.899,0.877,-1
-1,0,0,0,-1,-1
0.965,0.964,0,0,0.964,-1
0.707,0,0,0.734,0.72,-1
0,0.963,0,0.941,0.952,-1
0.911,0,0,0.85,0.881,-1
0.986,0.897,0,0,0.942,-1
0.098,0.165,-0.13,0.284,0.103,-1
0.767,0.985,0,0.918,0.89,-1
1,0,0,0.66,0.83,-1
0.855,0,0,0.899,0.877,-1
0.995,0.801,0,0.968,0.921,-1
0,0.942,0,0.916,0.929,-1
0,0.904,0,0.896,0.9,-1
0.855,0,0,0.899,0.877,-1
0.993,0.962,0,0.845,0.933,-1
0.06,-0.05,0,0,0.056,-1
0,0.943,0,0,0.943,-1
0,0.943,0,0,0.943,-1
0.823,-0.97,0,0,0.897,-1
0,0,-0.7,-0.89,-0.79,-1
0,0,-0.75,-0.74,-0.75,-1
0.979,-0.8,0,0,0.891,-1
0.707,0,0,0.734,0.72,-1
0.721,0.858,0,0,0.789,-1
-0.77,0,0.816,-0.85,-0.81,-1
0.768,0.935,0,0.996,0.9,-1
0,0,0.794,-0.99,-0.89,-1
-0.93,0,-0.99,-0.92,-0.95,-1
-0.98,0,-0.95,0,-0.97,-1
0.956,0,0,0.914,0.935,-1
0.956,0,0,0.914,0.935,-1
0.879,-0.95,0,0.766,0.867,-1
0.956,0,0,0.914,0.935,-1
0.843,0.977,0,0,0.91,-1
0,0,0.948,-0.81,-0.88,-1
0,0.892,0,0,0.892,-1
0.956,0,0,0.914,0.935,-1
0.078,0.088,-0.07,0,0.032,-1
-0.98,0,0.989,-0.93,-0.97,-1
-0.91,0,-0.72,-0.99,-0.87,-1
0.944,0.946,0,0,0.945,-1
0,0.866,0,0.997,0.931,-1
-0.85,0,0.685,-0.83,-0.79,-1
0.753,-0.64,0,0.556,0.652,-1
0.956,0,0,0.914,0.935,-1
0.942,-0.79,0,0.901,0.88,-1
0.957,0,0,0.759,0.858,-1
0.788,0.873,0,0,0.831,-1
-0.91,0,0,0,-0.91,-1
0.956,0,0,0.914,0.935,-1
0,0,0,-0.9,-0.9,-1
0.045,-0.66,0,0.363,0.357,-1
-0.87,0,-0.96,0,-0.91,-1
-0.55,0,0.967,-0.77,-0.76,-1
-0.54,0,0.983,-0.91,-0.81,-1
0.956,0,0,0.914,0.935,-1
0.748,-0.78,0,0,0.766,-1
0.833,0.995,0,0,0.914,-1
-0.72,0,0.978,-0.86,-0.85,-1
-0.96,0,-0.81,-0.85,-0.87,-1
-0.87,0,-0.86,0,-0.86,-1
0,0,-0.77,-0.75,-0.76,-1
0.806,0.991,0,0.933,0.91,-1
-0.17,0,-0.25,-0.13,-0.18,-1
0,-0.06,0,0,0.069,-1
-0.87,0,-0.86,0,-0.86,-1
0.609,0.597,-0.23,0.398,0.341,-1
-0.91,0,0,0,-0.91,-1
0,0.943,0,0,0.943,-1
0.945,0.761,0,0,0.853,-1
-0.1,-0.04,-0.12,-0.15,-0.08,-1
0,0.978,0,0.914,0.946,-1
-0.19,-0.06,-0.21,0,-0.11,-1
-0.02,0.114,0,0.204,0.098,-1
0.956,0,0,0.914,0.935,-1
-0.72,0,-0.89,0,-0.8,-1
0,0,0,0.094,0.094,-1
0.922,0.776,0,0,0.849,-1
0.719,-0.58,0,0.739,0.679,-1
0,0,0,-0.97,-0.97,-1
0,0,0.97,-0.99,-0.98,-1
0,0.976,0,0.767,0.871,-1
0,0,0.97,-0.99,-0.98,-1
0.7,-0.82,0,0,0.763,-1
0,0.976,0,0.767,0.871,-1
0,0.943,0,0,0.943,-1
0.956,0,0,0.914,0.935,-1
-0.84,0,-0.72,0,-0.78,-1
0.966,0,0,0.802,0.884,-1
0,0,0.948,-0.81,-0.88,-1
-0.03,0.212,-0.17,0.33,0.084,-1
-0.7,0,0,-0.9,-0.8,-1
0.806,0.991,0,0.933,0.91,-1
0,-0.88,0,0.854,0.869,-1
-1,0,0,0,-1,-1
-0.87,0,-0.96,0,-0.91,-1
0.966,0,0,0.802,0.884,-1
-0.8,0,0.522,-0.83,-0.71,-1
-0.61,0.366,-0.39,-0.12,-0.19,-1
0.92,-0.88,0,0.695,0.833,-1
-0.83,0,0.943,0,-0.88,-1
0,0,-0.66,0,-0.66,-1
0.76,0.72,0,0.744,0.741,-1
0,0.755,0,0.848,0.801,-1
0.791,0.934,0,0.85,0.858,-1
0.966,0,0,0.802,0.884,-1
0.721,0.858,0,0,0.789,-1
0.966,0,0,0.802,0.884,-1
-0.84,0,0,-0.78,-0.81,-1
-0.92,0,0,-0.8,-0.86,-1
0,0,0,0.882,0.882,-1
0.84,-0.64,0,0.912,0.799,-1
0,0,-0.92,-0.88,-0.9,-1
0.944,-0.84,0,0,0.894,-1
0,0.732,0,0.994,0.863,-1
0.966,0,0,0.802,0.884,-1
-0.76,0,-0.91,0,-0.84,-1
0.956,0,0,0.914,0.935,-1
0.956,0,0,0.914,0.935,-1
0,0,-0.71,-0.97,-0.84,-1
0.055,0.356,-0.26,0.336,0.12,-1
0,0.963,0,0.941,0.952,-1
0.956,0,0,0.914,0.935,-1
0.713,0,0,0.766,0.74,-1
0,0.782,0,0.802,0.792,-1
0.86,-0.79,0,0.93,0.861,-1
0.708,-0.84,0,0,0.778,-1
0,0,0,-0.97,-0.97,-1
0.996,0,0,0,0.996,-1
-0.74,0,0.876,-0.86,-0.82,-1
0.86,-0.79,0,0.93,0.861,-1
0.903,0,0,0,0.903,-1
0.962,-0.9,0,0,0.933,-1
-0.94,-0.91,-0.97,-0.81,-0.45,-1
0.986,0,0,0.862,0.924,-1
-0.87,0,-0.99,0,-0.93,-1
0.957,0.894,0,0.921,0.924,-1
0,0.943,0,0,0.943,-1
0.879,-0.95,0,0.766,0.867,-1
0,0.107,0,0.184,0.145,-1
0.956,0,0,0.914,0.935,-1
-0.05,0.278,-0.17,0.319,0.091,-1
-0.91,0,-0.72,-0.9,-0.84,-1
-0.76,0,0,-0.95,-0.85,-1
0.909,0.983,0,0,0.946,-1
0.559,-0.56,0,0.769,0.63,-1
0.956,0,0,0.914,0.935,-1
0.911,0.952,0,0,0.931,-1
0.657,-0.88,0,0.631,0.723,-1
0.817,0.831,0,0,0.824,-1
-0.98,0,0.989,-0.93,-0.97,-1
0.986,0.897,0,0,0.942,-1
0.781,-0.72,0,0.587,0.699,-1
0.973,-0.86,0,0,0.917,-1
0.973,-0.86,0,0,0.917,-1
0.657,-0.88,0,0.631,0.723,-1
-0.91,0,-0.72,-0.9,-0.84,-1
0.956,0,0,0.914,0.935,-1
0.993,0.962,0,0.845,0.933,-1
0.965,0.964,0,0,0.964,-1
-1,0,0,0,-1,-1
0,0.96,0,0.885,0.922,-1
0.902,0.772,0,0,0.837,-1
-0.97,0,0.977,-0.93,-0.96,-1
0,0,0.865,-0.88,-0.87,-1
0,0.963,0,0.922,0.943,-1
0,0,0,0.939,0.939,-1
0,0.943,0,0,0.943,-1
0.986,0.979,0,0,0.982,-1
0,0,0,0.939,0.939,-1
0.956,0,0,0.914,0.935,-1
0,0,-0.7,-0.82,-0.76,-1
-0.78,0,0.906,-0.54,-0.74,-1
0.909,0.983,0,0,0.946,-1
0,0,0.948,-0.81,-0.88,-1
0,0,-0.71,-0.97,-0.84,-1
0,0,-0.91,-0.76,-0.84,-1
0.909,0.983,0,0,0.946,-1
0.879,-0.95,0,0.766,0.867,-1
0,0.909,0,0.948,0.928,-1
0,-0.86,0,0.762,0.815,-1
0.825,0.883,0,0,0.854,-1
0.731,0,0,0.96,0.845,-1
0,0,-0.93,-0.77,-0.85,-1
0.971,0.872,0,0,0.921,-1
0,0.866,0,0.997,0.931,-1
0.965,0.964,0,0,0.964,-1
0,0.703,0,0.81,0.756,-1
0,0.866,0,0.997,0.931,-1
-0.97,0,0.992,-0.86,-0.94,-1
-0.02,0,-0.15,-0.14,-0.11,-1
0.965,0.964,0,0,0.964,-1
0.902,0.772,0,0,0.837,-1
0,0,-0.88,-0.99,-0.93,-1
-0.97,0,0.977,-0.93,-0.96,-1
0,0,0,0.939,0.939,-1
0,0.703,0,0.81,0.756,-1
0,0,-0.78,-0.71,-0.74,-1
0.956,0,0,0.914,0.935,-1
0.855,0,0,0.899,0.877,-1
-0.86,0,0,-0.98,-0.92,-1
0.956,0,0,0.914,0.935,-1
0.86,0.825,0,0,0.843,-1
-0.98,0,-0.81,0,-0.9,-1
0,0,0,0.939,0.939,-1
0,0,0,0.829,0.829,-1
-0.91,0,-0.72,-0.99,-0.87,-1
0,0,0,0.939,0.939,-1
0,0,-0.8,0,-0.8,-1
0,0,0.954,-0.74,-0.85,-1
0.974,0.999,0,0,0.986,-1
0.956,0,0,0.914,0.935,-1
0,0.942,0,0.916,0.929,-1
0.956,0,0,0.914,0.935,-1
0,0,-0.66,0,-0.66,-1
0,0,-0.94,0,-0.94,-1
0.987,0.902,0,0,0.945,-1
0,0.871,0,0.861,0.866,-1
-0.8,0,0.522,-0.83,-0.71,-1
-0.9,0,0,-0.85,-0.87,-1
-0.72,0,-0.89,0,-0.8,-1
0,0.943,0,0,0.943,-1
0.991,0.72,0,0,0.855,-1
0.956,0,0,0.914,0.935,-1
0.85,0,0,0.74,0.795,-1
0.657,-0.88,0,0.631,0.723,-1
0.947,0.791,0,0,0.869,-1
-0.15,0,-0.12,-0.09,-0.12,-1
0.782,-0.86,0,0,0.823,-1
0,0,0,-0.93,-0.93,-1
-0.15,0,0.079,-0.16,-0.13,-1
0.06,-0.05,0,0,0.056,-1
-0.43,0.065,-0.32,0,-0.23,-1
-0.03,0.212,0,0.093,0.09,-1
0.956,0,0,0.914,0.935,-1
0,0.306,-0.05,0.134,0.13,-1
0,0,-0.9,-0.72,-0.81,-1
0.51,-0.56,0,0.768,0.613,-1
0,0.943,0,0,0.943,-1
0,0.755,0,0.848,0.801,-1
-0.97,0,0.54,-0.55,-0.69,-1
0.705,0,0,0.851,0.778,-1
0,0.943,0,0,0.943,-1
0.909,0.983,0,0,0.946,-1
0.956,0,0,0.914,0.935,-1
0,0,0.869,0,-0.86,-1
0.51,-0.56,0,0.768,0.613,-1
0.966,0,0,0.802,0.884,-1
0.914,-0.88,0,0.69,0.83,-1
0,0.272,-0.07,0.232,0.142,-1
0.86,-0.79,0,0.93,0.861,-1
0.719,-0.58,0,0.739,0.679,-1
0.979,0,0,0.86,0.919,-1
0.707,0,0,0.734,0.72,-1
0,0,0,0.115,0.115,-1
0,0.943,0,0,0.943,-1
0,0.088,-0.08,0.153,0.053,-1
0.825,0,0,0.703,0.764,-1
0,0.96,0,0.885,0.922,-1
0.859,-0.81,0,0.615,0.761,-1
-0.1,-0.04,-0.12,-0.15,-0.08,-1
0,0,-0.75,-0.74,-0.75,-1
0.096,-0.01,0,0,0.057,-1
0.855,0,0,0.899,0.877,-1
0.096,-0.01,0,0,0.057,-1
0,0,-0.75,-0.74,-0.75,-1
0.092,0.114,0,0.108,0.105,-1
0.84,0,0,0.707,0.773,-1
0.961,0.916,0,0.901,0.926,-1
-0.03,0.079,0.024,0.091,0.029,-1
0.092,0.114,0,0.108,0.105,-1
-0.75,0,0.614,-0.74,-0.7,-1
0.85,0,0,0.74,0.795,-1
0,0.2,-0.11,0.345,0.143,-1
0.89,0.819,0,0,0.855,-1
0,0,0.869,0,-0.86,-1
0,0,-0.9,-0.72,-0.81,-1
0.716,-0.51,0,0.647,0.624,-1
0.739,0.841,0,0,0.79,-1
0,0.99,0,0.782,0.886,-1
0,0,0.705,-0.98,-0.84,-1
0.791,0.924,0,0,0.858,-1
0.84,0,0,0.707,0.773,-1
0.776,0.956,0,0,0.866,-1
0,0.943,0,0,0.943,-1
-0.15,0,-0.21,-0.15,-0.17,-1
-0.99,0,-0.73,0,-0.86,-1
0.782,-0.86,0,0,0.823,-1
0.914,-0.88,0,0.69,0.83,-1
0.829,0.715,0,0,0.772,-1
0.791,0.924,0,0,0.858,-1
0.84,0,0,0.707,0.773,-1
0,0.943,0,0,0.943,-1
0.791,0.924,0,0,0.858,-1
0.791,0.924,0,0,0.858,-1
0.978,-0.75,0,0,0.865,-1
0.956,0,0,0.914,0.935,-1
0.909,0.983,0,0,0.946,-1
0,0,0,0.097,0.097,-1
-0.11,0.079,-0.18,-0.04,-0.06,-1
0,0,0.943,-0.8,-0.87,-1
0.957,0.894,0,0.921,0.924,-1
0.957,0.894,0,0.921,0.924,-1
0,0,-0.97,-0.93,-0.95,-1
0.862,-0.82,0,0,0.841,-1
-0.09,0.156,0.661,-0.65,-0.31,-1
-0.99,0,-0.73,0,-0.86,-1
0,0,0.964,-0.98,-0.97,-1
0.936,-0.79,0,0.552,0.761,-1
0,0.943,0,0.903,0.923,-1
0,0.734,0,0,0.734,-1
-0.07,0.345,-0.23,0.395,0.108,-1
-0.91,0,-0.98,0,-0.95,-1
0.922,-0.78,0,0.866,0.858,-1
-0.03,0.197,-0.13,0.233,0.067,-1
0.961,0.916,0,0.901,0.926,-1
0.753,-0.64,0,0.556,0.652,-1
0.829,0.715,0,0,0.772,-1
0,0,0,0.882,0.882,-1
0.784,0.998,0,0,0.891,-1
0.901,-0.91,0,0,0.909,-1
0.966,0,0,0.802,0.884,-1
0.784,0.998,0,0,0.891,-1
-0.86,0,0,-0.98,-0.92,-1
0.956,0,0,0.914,0.935,-1
0.956,0,0,0.914,0.935,-1
0.974,0.789,0,0.828,0.864,-1
0.993,0.962,0,0.845,0.933,-1
0,0.853,0,0.942,0.897,-1
0.995,0.722,0,0.773,0.83,-1
0.907,0,0,0.79,0.849,-1
0.768,0.902,0,0,0.835,-1
0.936,-0.79,0,0.552,0.761,-1
-0.86,0,0,-0.98,-0.92,-1
0,0.935,0,0,0.935,-1
-0.98,0,0.989,-0.93,-0.97,-1
0.895,0,0,0,0.895,-1
0.92,-0.88,0,0.695,0.833,-1
0.911,0.952,0,0,0.931,-1
0.956,0,0,0.914,0.935,-1
0,0,0,0.141,0.141,-1
-0.8,0,0,0,-0.8,-1
0.993,0.962,0,0.845,0.933,-1
0.994,0.862,0,0.899,0.918,-1
-0.9,0,-0.71,0,-0.8,-1
0.956,0,0,0.914,0.935,-1
0.956,0,0,0.914,0.935,-1
1,0,0,0.66,0.83,-1
0.825,0.883,0,0,0.854,-1
0.956,0,0,0.914,0.935,-1
0.899,0.979,0,0,0.939,-1
0,0,0,-0.87,-0.87,-1
0.909,0.983,0,0,0.946,-1
-0.61,0,0.981,-0.98,-0.85,-1
0,0.852,0,0,0.852,-1
-0.87,0,-0.86,0,-0.86,-1
0.95,0.796,0,0,0.873,-1
-0.75,0,0,0,-0.75,-1
-0.96,0,-0.81,-0.85,-0.87,-1
-0.91,0,-0.72,-0.99,-0.87,-1
0,0.984,0,0.997,0.99,-1
0.703,0.948,0,0,0.825,-1
-0.78,0,-0.85,0,-0.81,-1
0.899,0.726,0,0,0.813,-1
-0.67,0,0.863,-0.86,-0.8,-1
0.846,0.995,0,0,0.92,-1
0.707,0,0,0.734,0.72,-1
0,0,-0.88,-0.95,-0.91,-1
-0.99,0,0.827,-0.63,-0.81,-1
0,0,1,0,-1,-1
-0.03,0.212,-0.17,0.33,0.084,-1
0.721,0.858,0,0,0.789,-1
-0.81,0,0.885,-0.92,-0.87,-1
0.995,0.722,0,0.773,0.83,-1
0.739,0.841,0,0,0.79,-1
0,0,-0.75,-0.74,-0.75,-1
0.945,0.761,0,0,0.853,-1
-0.74,0,0.876,-0.86,-0.82,-1
-1,0,0,0,-1,-1
0,0.853,0,0.942,0.897,-1
0.796,0.925,0,0,0.861,-1
0.99,0,0,0.982,0.986,-1
-0.91,0,0,0,-0.91,-1
0.956,0,0,0.914,0.935,-1
0,0.931,0,0.839,0.885,-1
0.92,0.794,0,0,0.857,-1
-0.95,0,0,0,-0.95,-1
-0.91,0,0,0,-0.91,-1
0,0,-0.8,-0.82,-0.81,-1
0.956,0,0,0.914,0.935,-1
-0.93,0,-0.91,-0.84,-0.89,-1
0,0,0.8,-0.74,-0.77,-1
0.956,0,0,0.914,0.935,-1
0,0.853,0,0.942,0.897,-1
-0.95,0,0.504,-0.77,-0.74,-1
0.876,0.839,0,0,0.857,-1
-0.96,0,0.651,-0.65,-0.75,-1
0,0.945,0,0.972,0.958,-1
0.95,0.796,0,0,0.873,-1
-0.72,0,-0.89,0,-0.8,-1
-0.93,0,0.508,-0.84,-0.76,-1
0,0,0.828,0,-0.82,-1
0.855,0,0,0.899,0.877,-1
0,0.866,0,0.997,0.931,-1
0.793,-0.95,0,0,0.873,-1
0.966,0,0,0.802,0.884,-1
0,0.903,0,0.911,0.907,-1
-0.91,0,0,0,-0.91,-1
0.568,-0.79,0,0.804,0.723,-1
-0.99,0,-0.74,-0.94,-0.89,-1
0,0.761,0,0.704,0.732,-1
0.909,0.983,0,0,0.946,-1
0.956,0,0,0.914,0.935,-1
0.993,0.962,0,0.845,0.933,-1
-0.91,0,-0.72,-0.99,-0.87,-1
0,0,-0.94,0,-0.94,-1
0.956,0,0,0.914,0.935,-1
-0.67,0,0.863,-0.86,-0.8,-1
-0.82,0,0.99,-0.87,-0.89,-1
-0.09,0.156,0.661,-0.65,-0.31,-1
0,0,0.971,0,-0.97,-1
0.956,0,0,0.914,0.935,-1
0.855,0,0,0.899,0.877,-1
0.561,-0.74,0,0.533,0.614,-1
-0.67,0,0.863,-0.86,-0.8,-1
0,0,0.948,-0.81,-0.88,-1
-0.76,0,0,-0.95,-0.85,-1
0.88,0.882,0,0,0.881,-1
0.855,0,0,0.899,0.877,-1
0,0.99,0,0.782,0.886,-1
0,0,0.948,-0.81,-0.88,-1
0.8,0.891,0,0.827,0.839,-1
-0.95,0,0,0,-0.95,-1
-0.67,0,0.863,-0.86,-0.8,-1
0.966,0,0,0,0.966,-1
0.855,0,0,0.899,0.877,-1
-0.67,0,0.863,-0.86,-0.8,-1
0.899,0.713,0,0,0.806,-1
-0.67,0,0.863,-0.86,-0.8,-1
0.956,0,0,0.914,0.935,-1
-0.85,0,0.584,-0.79,-0.74,-1
0,0.943,0,0.903,0.923,-1
0.956,0,0,0.914,0.935,-1
0.962,-0.9,0,0,0.933,-1
0,0.942,0,0.916,0.929,-1
0,0,0,-0.86,-0.86,-1
-0.97,0,0,-0.78,-0.88,-1
-0.37,0.11,-0.21,-0.06,-0.13,-1
-0.77,0,0.588,-0.8,-0.72,-1
0.823,-0.97,0,0,0.897,-1
-0.99,0,-0.73,0,-0.86,-1
-0.04,0,-0.16,-0.12,-0.11,-1
0.956,0,0,0.914,0.935,-1
0.773,0.727,0,0,0.75,-1
0.899,0.979,0,0,0.939,-1
0,0,0,0.744,0.744,-1
-0.98,0,-0.95,0,-0.97,-1
0.956,0,0,0.914,0.935,-1
-0.76,0,0.85,-0.77,-0.79,-1
0.961,0.916,0,0.901,0.926,-1
0.75,-0.88,0,0.989,0.875,-1
0.961,0.916,0,0.901,0.926,-1
-0.99,0,0,-0.7,-0.84,-1
0.956,0,0,0.914,0.935,-1
0.956,0,0,0.914,0.935,-1
0.956,0,0,0.914,0.935,-1
0.633,-0.79,0,0.935,0.789,-1
0.871,0,0,0.959,0.915,-1
0,0.943,0,0,0.943,-1
0.966,0,0,0.802,0.884,-1
-0.87,0,-0.96,0,-0.91,-1
0.956,0,0,0.914,0.935,-1
0.803,0,0,0.789,0.796,-1
0.228,0.123,-0.09,0,0.084,-1
0,0.772,0,0.91,0.841,-1
0.934,-0.57,0,0.767,0.76,-1
0,0.866,0,0.997,0.931,-1
0.944,0.816,0,0,0.88,-1
0.74,0,0,0.978,0.859,-1
0,0,-0.93,-0.98,-0.95,-1
0.956,0,0,0.914,0.935,-1
0,0,-0.8,-0.94,-0.87,-1
0.995,0.801,0,0.968,0.921,-1
0.966,0,0,0.802,0.884,-1
0.993,0.962,0,0.845,0.933,-1
0.854,-0.7,0,0.912,0.823,-1
0,0.923,0,0,0.923,-1
0.993,0.962,0,0.845,0.933,-1
0.764,0.985,0,0,0.875,-1
-0.97,0,0.813,0,-0.89,-1
0,-0.06,0,0,0.069,-1
-0.78,0,0.585,-0.63,-0.66,-1
0,0.808,0,0.754,0.781,-1
0,0.165,-0.08,0.179,0.085,-1
0,0.853,0,0.942,0.897,-1
0,0.853,0,0.942,0.897,-1
0.993,0.962,0,0.845,0.933,-1
0,0.871,0,0.861,0.866,-1
0.721,0.858,0,0,0.789,-1
-0.97,0,0.977,-0.93,-0.96,-1
-0.82,0,0,-0.73,-0.77,-1
0,0,0,0.939,0.939,-1
0.956,0,0,0.914,0.935,-1
0.711,0,0,0.802,0.756,-1
0.996,0,0,0,0.996,-1
-0.85,0,0.584,-0.79,-0.74,-1
0,0,0.948,-0.81,-0.88,-1
0.993,0.962,0,0.845,0.933,-1
0.74,0,0,0.978,0.859,-1
0.956,0,0,0.914,0.935,-1
0.708,-0.84,0,0,0.778,-1
-1,0,0,0,-1,-1
0.922,-0.78,0,0.866,0.858,-1
0.038,0,-0.07,-0.06,-0.03,-1
-0.86,0,0,-0.98,-0.92,-1
0.975,0.908,0,0,0.942,-1
-0.91,0,0,0,-0.91,-1
0.966,0,0,0.802,0.884,-1
-0.99,0,-0.73,0,-0.86,-1
-0.84,0,-0.72,0,-0.78,-1
0.707,0,0,0.734,0.72,-1
0,0,0,0.939,0.939,-1
0.966,0,0,0.802,0.884,-1
-1,0,0,0,-1,-1
0.993,0.962,0,0.845,0.933,-1
0,0.943,0,0,0.943,-1
-1,0,0,0,-1,-1
0,0,0.729,-0.84,-0.78,-1
-0.8,0,0.522,-0.83,-0.71,-1
-0.96,0,0,-0.77,-0.87,-1
-0.96,0,0,-0.77,-0.87,-1
0.965,0.964,0,0,0.964,-1
0.965,0.964,0,0,0.964,-1
-0.81,0,-0.9,0,-0.85,-1
0.965,0.964,0,0,0.964,-1
-1,0,0,0,-1,-1
-0.65,0,0.523,-0.73,-0.64,-1
0.987,0,0,0.786,0.887,-1
0.937,0,0,0,0.937,-1
0.956,0,0,0.914,0.935,-1
0,0.96,0,0.885,0.922,-1
0.768,0.935,0,0.996,0.9,-1
0,0.978,0,0.914,0.946,-1
0,0,0,-0.9,-0.9,-1
-0.91,0,-0.75,-0.87,-0.84,-1
0.993,0.962,0,0.845,0.933,-1
0.89,0.855,0,0,0.873,-1
0.996,0,0,0,0.996,-1
0.703,0.948,0,0,0.825,-1
-0.05,0,-0.12,-0.16,-0.11,-1
0,0,-0.76,-0.97,-0.86,-1
-0.89,-0.71,-0.76,-0.93,-0.47,-1
0,0,-0.76,-0.97,-0.86,-1
0,0,-0.93,-0.98,-0.95,-1
0.108,-0.04,0.043,0.065,0.043,-1
0.993,0.962,0,0.845,0.933,-1
0.922,0.776,0,0,0.849,-1
0.956,0,0,0.914,0.935,-1
-0.9,0,-0.71,0,-0.8,-1
-0.77,0,0.816,-0.85,-0.81,-1
0,0.862,0,0.774,0.818,-1
0,0,-0.87,-0.81,-0.84,-1
0,0,-0.66,0,-0.66,-1
-0.78,0,0.585,-0.63,-0.66,-1
0.719,0.902,0,0.701,0.774,-1
0.956,0,0,0.914,0.935,-1
0.965,0.964,0,0,0.964,-1
-0.75,0.288,-0.43,-0.05,-0.23,-1
-0.99,0,0,-0.7,-0.84,-1
0.965,0.964,0,0,0.964,-1
-0.93,0,-0.91,-0.84,-0.89,-1
-0.81,0,-0.9,0,-0.85,-1
0,0,0.97,-0.99,-0.98,-1
0.956,0,0,0.914,0.935,-1
0.765,0,0,0.716,0.74,-1
0.575,-0.62,0,0.596,0.598,-1
0.967,0.795,0,0.706,0.823,-1
-0.1,0,-0.11,-0.2,-0.14,-1
0.855,0.741,0,0.862,0.819,-1
0.956,0,0,0.914,0.935,-1
0.911,0.952,0,0,0.931,-1
0,0,-0.66,0,-0.66,-1
-0.75,0,-1,0,-0.87,-1
-0.83,0,0,-0.95,-0.89,-1
0.956,0,0,0.914,0.935,-1
0.902,0.772,0,0,0.837,-1
0.956,0,0,0.914,0.935,-1
0.993,0.962,0,0.845,0.933,-1
0.956,0,0,0.914,0.935,-1
0.956,0,0,0.914,0.935,-1
-0.15,0,0.079,-0.16,-0.13,-1
1,0,0,0.66,0.83,-1
0,0.727,0,0.859,0.793,-1
0.75,0.855,0,0,0.802,-1
0.993,0.962,0,0.845,0.933,-1
0.889,0,0,0,0.889,-1
0,0,-0.83,-0.88,-0.86,-1
0.812,0.982,0,0.777,0.857,-1
0,0,0,0.33,0.33,-1
-0.95,0,0.716,0,-0.83,-1
-0.91,0,-0.72,-0.99,-0.87,-1
-0.94,0,0,0,-0.94,-1
0,0.135,-0.08,0.123,0.057,-1
0,0,-0.74,-0.84,-0.79,-1
0.989,0.952,0,0,0.97,-1
-0.55,0,0.967,-0.77,-0.76,-1
0.824,0,0,0,0.824,-1
0,-0.94,0,0.744,0.846,-1
0,0.943,0,0,0.943,-1
0.956,0,0,0.914,0.935,-1
0,0.852,0,0,0.852,-1
-0.86,0,0.947,0,-0.9,-1
0.899,0.979,0,0,0.939,-1
0.993,0.962,0,0.845,0.933,-1
0.916,0.9,0,0.933,0.916,-1
0.633,-0.79,0,0.935,0.789,-1
-0.74,0,-0.91,0,-0.83,-1
0.956,0,0,0.914,0.935,-1
0.911,0.952,0,0,0.931,-1
0.027,-0.03,0.027,0.105,0.035,-1
0.568,-0.79,0,0.804,0.723,-1
0.868,0.756,0,0,0.812,-1
-0.82,0,0,-0.78,-0.8,-1
0.956,0,0,0.914,0.935,-1
-0.97,0,0.992,-0.86,-0.94,-1
0,0,-0.92,-0.83,-0.87,-1
0,0.99,0,0.782,0.886,-1
-0.02,0,0,-0.05,-0.03,-1
0,0.99,0,0.782,0.886,-1
0.713,0,0,0.746,0.73,-1
0.713,0,0,0.746,0.73,-1
0.707,0,0,0.734,0.72,-1
-0.64,0,0.879,-0.98,-0.83,-1
-0.8,0,0.522,-0.83,-0.71,-1
0,0,-0.87,0,-0.87,-1
0,0.94,0,0.903,0.921,-1
-0.1,-0.04,-0.12,-0.15,-0.08,-1
0,0.871,0,0.861,0.866,-1
0,0.871,0,0.861,0.866,-1
0,0,-0.92,-0.96,-0.94,-1
-0.17,0,-0.25,-0.13,-0.18,-1
0.902,0.772,0,0,0.837,-1
0.996,0,0,0,0.996,-1
0.956,0,0,0.914,0.935,-1
0.993,0.962,0,0.845,0.933,-1
0.638,-0.99,0,0.631,0.755,-1
0.722,0.865,0,0.748,0.778,-1
0.722,0.865,0,0.748,0.778,-1
0,0.866,0,0.997,0.931,-1
0.884,-0.86,0,0,0.874,-1
0.825,0.977,0,0,0.901,-1
0,0,0.832,-0.78,-0.8,-1
0.707,0,0,0.734,0.72,-1
0.965,0.964,0,0,0.964,-1
0.707,0,0,0.734,0.72,-1
0.86,-0.79,0,0.93,0.861,-1
-0.76,0,-0.91,0,-0.84,-1
0.86,-0.79,0,0.93,0.861,-1
-0.87,0,-0.96,0,-0.91,-1
0.979,0,0,0.86,0.919,-1
0.956,0,0,0.914,0.935,-1
0.993,0.962,0,0.845,0.933,-1
-0.76,0,-0.91,0,-0.84,-1
0,0,0,0.074,0.074,-1
0,0,0.729,-0.84,-0.78,-1
0.958,0,0,0.968,0.963,-1
0.854,-0.7,0,0.912,0.823,-1
-0.9,0,-0.83,0,-0.87,-1
-0.99,0,0,-0.7,-0.84,-1
0.847,0.855,0,0,0.851,-1
0.956,0,0,0.914,0.935,-1
0.956,0,0,0.914,0.935,-1
0,0,-0.97,-0.71,-0.84,-1
0,0.312,-0.1,0.207,0.137,-1
-0.85,0,0,-0.73,-0.79,-1
0.994,0.884,0,0,0.939,-1
0,0,0.869,0,-0.86,-1
0.855,0,0,0.899,0.877,-1
-0.78,0,0.585,-0.63,-0.66,-1
0.993,0.962,0,0.845,0.933,-1
0.825,0.883,0,0,0.854,-1
0.825,0.883,0,0,0.854,-1
0.95,0,0,0,0.95,-1
0.95,0,0,0,0.95,-1
0.95,0,0,0,0.95,-1
0.92,-0.88,0,0.695,0.833,-1
0.867,0,0,0.998,0.932,-1
0.965,0.964,0,0,0.964,-1
0,-0.06,0,0,0.069,-1
0,0,0.839,-0.87,-0.85,-1
0.949,0,0,0.843,0.896,-1
0.934,0.758,0,0,0.846,-1
0,0.117,-0.07,0.094,0.045,-1
0.051,0.112,0,0,0.082,-1
0.038,0,-0.07,-0.06,-0.03,-1
-0.85,0,0.584,-0.79,-0.74,-1
-0.69,0,0.89,-0.7,-0.76,-1
0.956,0,0,0.914,0.935,-1
0,0.093,0,0.113,0.103,-1
0.789,0.749,0,0,0.769,-1
0.96,0.762,0,0,0.861,-1
0,0,-0.77,-0.85,-0.81,-1
0.995,0.801,0,0.968,0.921,-1
0.776,0.956,0,0,0.866,-1
0.902,0.772,0,0,0.837,-1
0.882,0.901,0,0,0.891,-1
0.956,0,0,0.914,0.935,-1
0.993,0.962,0,0.845,0.933,-1
0,0,-0.92,-0.96,-0.94,-1
0.911,0.952,0,0,0.931,-1
0.773,-0.88,0,0,0.829,-1
0.956,0,0,0.914,0.935,-1
0,0.871,0,0.861,0.866,-1
0,0.123,-0.07,0.097,0.05,-1
0.956,0,0,0.914,0.935,-1
0.969,0.904,0,0,0.936,-1
0.969,0.904,0,0,0.936,-1
0.957,0.894,0,0.921,0.924,-1
-0.95,0,-0.7,-0.96,-0.87,-1
-0.87,0,0,-0.86,-0.87,-1
0.928,-0.87,0,0.679,0.829,-1
-0.95,0,-0.7,-0.96,-0.87,-1
-0.95,0,-0.7,-0.96,-0.87,-1
0.961,0.916,0,0.901,0.926,-1
0.911,0.952,0,0,0.931,-1
0.721,0.858,0,0,0.789,-1
0,0,-0.73,-0.79,-0.76,-1
0.966,0,0,0.802,0.884,-1
0,0.943,0,0,0.943,-1
-1,0,0,0,-1,-1
-0.71,0,0.83,-0.96,-0.83,-1
0.981,0,0,0.706,0.843,-1
0,0,-0.96,-0.93,-0.95,-1
0.857,0.824,0,0.708,0.796,-1
-0.95,0,-0.7,-0.96,-0.87,-1
0.996,0,0,0,0.996,-1
0,0.943,0,0,0.943,-1
0.993,0.962,0,0.845,0.933,-1
0.993,0.962,0,0.845,0.933,-1
0.996,0,0,0,0.996,-1
0,0.942,0,0.916,0.929,-1
0,0.943,0,0,0.943,-1
-0.71,0,0,-0.98,-0.85,-1
0.99,0.832,0,0,0.911,-1
0.956,0,0,0.914,0.935,-1
-0.33,-0.03,-0.26,-0.14,-0.17,-1
0,0.943,0,0,0.943,-1
0,0,-0.94,0,-0.94,-1
0,0.892,0,0,0.892,-1
-0.67,0,0.863,-0.86,-0.8,-1
-0.75,0,0,-0.91,-0.83,-1
-0.91,0,0,0,-0.91,-1
0,0,0,1,1,-1
0,0.726,0,0.985,0.855,-1
-0.84,0,0,-0.78,-0.81,-1
-0.91,0,0,0,-0.91,-1
0.731,0,0,0.96,0.845,-1
0,0.943,0,0,0.943,-1
0.042,-0.06,0,-0.03,0.025,-1
0.042,-0.06,0,-0.03,0.025,-1
0.997,0,0,0,0.997,-1
0.042,-0.06,0,-0.03,0.025,-1
0.722,0.865,0,0.748,0.778,-1
-0.8,0,0.856,-0.84,-0.83,-1
-0.53,0,0.569,-0.77,-0.62,-1
0,0,0,0.754,0.754,-1
0,0,0,-0.33,-0.33,-1
0,0.952,0,0,0.952,-1
0.705,0,0,0.851,0.778,-1
-0.9,0,0.251,-0.96,-0.7,-1
0.937,0,0,0,0.937,-1
-0.95,0,0.738,-0.58,-0.75,-1
0,0,0,0.094,0.094,-1
0.877,0.902,0,0,0.889,-1
0.721,0.858,0,0,0.789,-1
-0.56,0,-0.49,-0.09,-0.38,-1
-0.02,0.202,-0.15,0.266,0.071,-1
0,0.073,0.015,0.101,0.053,-1
-0.99,0,-0.73,0,-0.86,-1
0,0.759,0,0.769,0.764,-1
0,0.707,0,0,0.707,-1
0,0,-0.91,-0.76,-0.84,-1
-0.79,0,-0.72,0,-0.75,-1
0.754,0,0,0.861,0.807,-1
-0.76,0,-0.91,0,-0.84,-1
-0.98,0,0.674,-0.93,-0.86,-1
0.051,0.34,-0.2,0.357,0.136,-1
0.052,0,0,0.131,0.091,-1
-0.79,0,-0.72,0,-0.75,-1
0.997,0,0,0,0.997,-1
-0.74,0.241,-0.42,0,-0.31,-1
0.75,0.855,0,0,0.802,-1
0.944,0.946,0,0,0.945,-1
0.956,0,0,0.914,0.935,-1
0.956,0,0,0.914,0.935,-1
-0.56,0,-0.49,-0.09,-0.38,-1
0,0,0,0.939,0.939,0
0.575,-0.62,0,0.596,0.598,0
0,0.208,-0.14,0.162,0.076,0
0.707,0,0,0.734,0.72,0
0.966,0,0,0.802,0.884,0
0.575,-0.62,0,0.596,0.598,0
0.956,0,0,0.914,0.935,0
0.719,0,0,0,0.719,0
0.575,-0.62,0,0.596,0.598,0
0,0.142,-0.09,0.183,0.078,0
0,0,0,0.141,0.141,0
0.956,0,0,0.914,0.935,0
0.966,0,0,0,0.966,0
0.836,0.717,0,0,0.776,0
-0.55,0,0.561,-0.51,-0.54,0
0,0.14,-0.04,0.165,0.085,0
0,0.14,-0.04,0.165,0.085,0
-0.03,0.21,-0.05,0.093,0.052,0
0.846,0.999,0,0,0.922,0
0.768,0.935,0,0.996,0.9,0
0.921,0.803,0,0,0.862,0
0,0.853,0,0.942,0.897,0
0.768,0.935,0,0.996,0.9,0
0.035,0.11,-0.04,0.107,0.052,0
0.855,0,0,0.899,0.877,0
0.767,0.992,0,0,0.879,0
0.633,-0.79,0,0.935,0.789,0
0.911,0,0,0,0.911,0
0.835,-0.94,0,0.537,0.773,0
0.961,-0.98,0,0,0.97,0
0,0.853,0,0.942,0.897,0
0,0.269,-0.17,0.182,0.094,0
0.035,0.11,-0.04,0.107,0.052,0
0.858,0.793,0,0,0.826,0
-0.91,0,0,-0.96,-0.94,0
-0.04,0.339,-0.13,0.252,0.104,0
-0.07,0.095,0,0.111,0.045,0
0.72,0,0,0.879,0.799,0
0.911,0.952,0,0,0.931,0
0,0.853,0,0.942,0.897,0
0.956,0,0,0.914,0.935,0
0.074,-0.06,0,0,0.067,0
0.993,0.962,0,0.845,0.933,0
0.703,0.948,0,0,0.825,0
0,0,-0.92,-0.96,-0.94,0
0.993,0.962,0,0.845,0.933,0
0.965,0.964,0,0,0.964,0
0.993,0.962,0,0.845,0.933,0
-0.85,0,0.584,-0.79,-0.74,0
0,0,0.948,-0.81,-0.88,0
0.62,-0.91,0,0.766,0.768,0
0.033,0.158,-0.06,0.145,0.067,0
0.049,0.167,-0.05,0.295,0.115,0
0.993,0.962,0,0.845,0.933,0
0.829,0.715,0,0,0.772,0
-0.03,0.212,-0.17,0.33,0.084,0
0.862,0.709,0,0,0.785,0
0,0.82,0,0.822,0.821,0
0,0.142,0,0,0.142,0
-0.63,0,0.694,-0.99,-0.77,0
0,0,0.729,-0.84,-0.78,0
0,0,0.729,-0.84,-0.78,0
0,0.142,0,0,0.142,0
0.956,0,0,0.914,0.935,0
0.936,-0.79,0,0.552,0.761,0
0.092,0.114,0,0.108,0.105,0
0,0.99,0,0.782,0.886,0
-0.6,0,0.992,-0.94,-0.84,0
0,0.171,-0.05,0.102,0.072,0
-0.78,0,0.585,-0.63,-0.66,0
0.99,-0.78,0,0,0.885,0
0.575,-0.62,0,0.596,0.598,0
0.575,-0.62,0,0.596,0.598,0
0.888,0.816,0,0,0.852,0
0.575,-0.62,0,0.596,0.598,0
0,0.061,0,0.061,0.061,0
0.879,-0.95,0,0.766,0.867,0
0,0.943,0,0,0.943,0
0,0.066,-0.05,0.089,0.032,0
0.846,-0.83,0,0,0.838,0
0,0.942,0,0.916,0.929,0
0.12,-0.12,0,0.106,0.116,0
0.716,-0.51,0,0.647,0.624,0
0.956,0,0,0.914,0.935,0
0,0,-0.72,-0.95,-0.84,0
0.956,0,0,0.914,0.935,0
0,0.711,0,0.979,0.845,0
0.909,0.983,0,0,0.946,0
0.843,0.977,0,0,0.91,0
-0.9,0,0.636,-0.95,-0.83,0
0.58,-0.82,0,0.77,0.724,0
0,0.844,0,0.769,0.806,0
-0.42,0,-0.21,-0.2,-0.28,0
0,0.943,0,0,0.943,0
0.961,0.916,0,0.901,0.926,0
0,0.963,0,0.901,0.932,0
0.955,0,0,0.806,0.881,0
0.857,0,0,0.948,0.902,0
0,-0.85,0,0.856,0.853,0
-0.61,0,0.981,-0.98,-0.85,0
-0.61,0,0.981,-0.98,-0.85,0
0,0,0.83,-0.9,-0.86,0
0.773,0.708,0,0.961,0.814,0
-0.85,0,0.872,-0.94,-0.89,0
-0.81,0,-0.9,0,-0.85,0
0.967,0.795,0,0.706,0.823,0
0.993,0.962,0,0.845,0.933,0
0,0.991,0,0.799,0.895,0
0.818,0.85,0,0.753,0.807,0
-0.89,0,-0.78,0,-0.84,0
0,0.893,0,0.947,0.92,0
1,0,0,0.66,0.83,0
0.899,-0.74,0,0,0.824,0
1,0,0,0.66,0.83,0
0.956,0,0,0.914,0.935,0
0.956,0,0,0.914,0.935,0
0.773,-0.88,0,0,0.829,0
0,0.903,0,0.911,0.907,0
0.053,0.162,-0.09,0.297,0.103,0
0,0,-0.92,-0.88,-0.9,0
-0.52,0,0.783,-0.97,-0.76,0
0,0.835,0,0.922,0.879,0
0.88,0.882,0,0,0.881,0
0.129,0.169,-0.13,0.444,0.151,0
0.966,0,0,0.802,0.884,0
0.053,0.068,-0.05,0.06,0.032,0
-0.07,0.207,-0.05,0.228,0.076,0
-0.97,0,-0.96,0,-0.96,0
-0.61,0,0.981,-0.98,-0.85,0
0.981,0.855,0,0.884,0.907,0
0.979,-0.8,0,0,0.891,0
-0.95,0,0.739,-0.59,-0.76,0
0,0,0.828,0,-0.82,0
0,0,0.706,-0.74,-0.72,0
0,0,0,0.115,0.115,0
0.799,0.834,0,0,0.817,0
0,0.893,0,0.947,0.92,0
-0.98,0,-0.81,0,-0.9,0
0.885,0.838,0,0,0.861,0
0.966,0,0,0.802,0.884,0
0.965,0.964,0,0,0.964,0
0.998,-0.89,0,0.667,0.853,0
-0.75,0,0.614,-0.74,-0.7,0
0.72,0,0,0.879,0.799,0
0.033,0.076,0,0.066,0.058,0
0.867,0.884,0,0,0.875,0
-0.77,0,0.816,-0.85,-0.81,0
0,0,-1,-1,-1,0
0,0.061,0,0.061,0.061,0
0.956,0,0,0.914,0.935,0
0.856,0,0,0.862,0.859,0
0.17,0,0.081,0.184,0.091,0
0.295,0.239,0.049,0.346,0.208,0
0.854,0.76,0,0,0.807,0
0.835,-0.94,0,0.537,0.773,0
0.818,0.85,0,0.753,0.807,0
0,0,0,0.882,0.882,0
0,0,0.814,-0.83,-0.82,0
0.058,0,0,0.088,0.073,0
0.956,0,0,0.914,0.935,0
0,0,0,0.97,0.97,0
0.818,0.769,0,0,0.793,0
0,-0.81,0,0.895,0.854,0
0,0.952,0,0.932,0.942,0
-0.94,0,0.991,-0.65,-0.86,0
0.783,0.804,0,0.826,0.804,0
0.837,0,0,0,0.837,0
-0.88,0,0,-0.78,-0.83,0
0.937,0,0,0,0.937,0
-0.74,0,-0.8,0,-0.77,0
0.911,0.952,0,0,0.931,0
0.956,0,0,0.914,0.935,0
0.085,0,0,0.073,0.079,0
0.979,0.747,0,0.886,0.871,0
0,0.82,0,0.822,0.821,0
-0.04,0.11,0,0.116,0.061,0
0,0.061,0,0.061,0.061,0
0.769,0,0,0,0.769,0
-0.87,0,0,-0.86,-0.87,0
-0.85,0,0.584,-0.79,-0.74,0
0,0.168,0,0.157,0.163,0
0.846,0.995,0,0,0.92,0
-0.77,0,0.761,-0.86,-0.79,0
0,0.948,0,0.948,0.948,0
0.085,0,0,0.073,0.079,0
-0.6,0,0.992,-0.94,-0.84,0
0.956,0,0,0.914,0.935,0
0,0.061,0,0.061,0.061,0
0,0.711,0,0.979,0.845,0
0.993,0.962,0,0.845,0.933,0
-0.84,0,0,-0.73,-0.78,0
0,0.935,0,0,0.935,0
0,0.871,0,0.861,0.866,0
0,0,0.963,-0.83,-0.9,0
0.92,-0.88,0,0.695,0.833,0
-0.85,0,0.584,-0.79,-0.74,0
0.617,-0.84,0,0.868,0.778,0
0.931,-0.71,0,0.63,0.758,0
0.945,0.996,0,0.737,0.893,0
0.705,0,0,0.851,0.778,0
-0.7,0,-0.89,0,-0.8,0
-0.9,0,-0.71,0,-0.8,0
0,0,0,0.961,0.961,0
0.825,0.883,0,0,0.854,0
0,0.99,0,0.782,0.886,0
0.731,-0.85,0,0,0.794,0
0.864,0.904,0,0,0.884,0
0,0.165,-0.08,0.179,0.085,0
0,0.82,0,0.822,0.821,0
-0.04,0.282,-0.08,0.137,0.072,0
0.051,0.092,0.014,0.148,0.069,0
0.731,0,0,0.96,0.845,0
0,0.171,-0.05,0.102,0.072,0
0,0.31,-0.25,0.286,0.113,0
0.857,0,0,0.948,0.902,0
0.765,0,0,0.716,0.74,0
0,0,-1,-1,-1,0
0.808,0,0,0.943,0.875,0
0.956,0,0,0.914,0.935,0
0.956,0,0,0.914,0.935,0
0.956,0,0,0.914,0.935,0
0.847,0.936,0,0,0.891,0
-0.75,0.154,-0.64,0.142,-0.27,0
0,0.99,0,0.782,0.886,0
0.956,0,0,0.914,0.935,0
0.951,-0.97,0,0.639,0.853,0
0.846,0.995,0,0,0.92,0
0.966,0.896,0,0,0.931,0
0,0.124,-0.07,0.207,0.086,0
0.877,0.902,0,0,0.889,0
0.911,0.952,0,0,0.931,0
0.098,0.165,-0.13,0.284,0.103,0
0,0.108,0,0.113,0.111,0
-0.22,0.086,-0.22,0,-0.11,0
0.777,0.972,0,0.913,0.887,0
0.814,-0.5,0,0.622,0.648,0
-0.05,0,-0.12,-0.16,-0.11,0
0.036,0.111,-0.05,0.054,0.038,0
0.922,0.776,0,0,0.849,0
0.986,0,0,0,0.986,0
0,0,0,0.864,0.864,0
0.941,0.822,0,0,0.881,0
0.85,0,0,0,0.85,0
0.961,0,0,0.748,0.855,0
0.961,0,0,0.748,0.855,0
0.72,0,0,0.879,0.799,0
0.17,0,0.081,0.184,0.091,0
0.72,0,0,0.879,0.799,0
-0.04,0.282,-0.08,0.137,0.072,0
0,0,0,-0.96,-0.96,0
0.721,0.858,0,0,0.789,0
0,0.911,0,0.99,0.951,0
0.993,0.962,0,0.845,0.933,0
0,0.717,0,0.765,0.741,0
-0.53,0,0.569,-0.77,-0.62,0
0.956,0,0,0.914,0.935,0
0.914,0.732,0,0,0.823,0
0.03,0.358,-0.25,0.299,0.109,0
0.922,0.776,0,0,0.849,0
-0.91,0,-0.79,0,-0.85,0
0.035,-0.01,0.027,0.085,0.026,0
0,0.952,0,0,0.952,0
0,-0.93,0,0.708,0.822,0
0,0.189,0,0.177,0.183,0
0,0.942,0,0.916,0.929,0
0.961,0.916,0,0.901,0.926,0
0,0.942,0,0.916,0.929,0
0,0.952,0,0,0.952,0
0.866,0.82,0,0.713,0.8,0
0.948,0.891,0,0,0.919,0
0.866,0.82,0,0.713,0.8,0
-0.15,0,-0.21,-0.15,-0.17,0
0.866,0.82,0,0.713,0.8,0
-0.61,0,0.981,-0.98,-0.85,0
0.295,0.239,0.049,0.346,0.208,0
0.807,0.91,0,0,0.859,0
-0.96,0,-0.81,-0.85,-0.87,0
-0.83,0,0.858,-0.79,-0.83,0
0.963,0.852,0,0,0.907,0
-0.88,0,0.75,-0.85,-0.82,0
-0.7,0,-0.89,0,-0.8,0
0.561,-0.74,0,0.533,0.614,0
0.875,0,0,0.802,0.839,0
0.705,0,0,0.851,0.778,0
0.022,-0.05,0.079,-0.11,-0.02,0
0.117,0.066,0,0.239,0.141,0
0.95,0.712,0,0,0.831,0
0.784,0,0,0,0.784,0
0.784,0,0,0,0.784,0
0,0.075,0,0.119,0.097,0
0.963,0.852,0,0,0.907,0
0.903,-0.89,0,0.919,0.905,0
0.767,0.992,0,0,0.879,0
0.06,-0.05,0,0,0.056,0
0,0.123,-0.07,0.097,0.05,0
0.914,-0.73,0,0,0.826,0
0,0.286,-0.22,0.383,0.147,0
0.86,-0.79,0,0.93,0.861,0
0.844,0,0,0,0.844,0
-0.04,0.302,-0.08,0.131,0.076,0
0.702,-0.65,0,0.788,0.713,0
-0.6,0,0.509,-0.67,-0.59,0
0.092,0.114,0,0.108,0.105,0
0,0,0.927,-0.93,-0.93,0
-0.9,0,-0.71,0,-0.8,0
0.997,0.796,0,0.89,0.894,0
0,0.919,0,0.952,0.935,0
0.956,0,0,0.914,0.935,0
0,0.073,0,0.079,0.076,0
0.956,0,0,0.914,0.935,0
-0.91,0,0,-0.81,-0.86,0
-0.91,0,0,-0.81,-0.86,0
0.895,0,0,0,0.895,0
0.956,0,0,0.914,0.935,0
-0.91,0,0,-0.81,-0.86,0
0.895,0,0,0,0.895,0
0.068,0.134,-0.06,0.121,0.065,0
0,0.256,-0.15,0.31,0.136,0
0.731,0,0,0.96,0.845,0
0.895,0,0,0,0.895,0
0.633,-0.79,0,0.935,0.789,0
0.86,-0.79,0,0.93,0.861,0
-0.74,0.241,-0.42,0,-0.31,0
-0.85,0,0.584,-0.79,-0.74,0
-0.85,0,0.584,-0.79,-0.74,0
0.052,0,0,0.118,0.085,0
0,0.123,-0.07,0.097,0.05,0
0,0.065,0.039,0.142,0.056,0
0.092,0.114,0,0.108,0.105,0
0.956,0,0,0.914,0.935,0
0.949,0.727,0,0,0.838,0
0,0,-0.97,-0.93,-0.95,0
0,0.82,0,0.822,0.821,0
0.06,-0.12,0,0,0.093,0
0,0.061,0,0.061,0.061,0
0.829,0.715,0,0,0.772,0
-0.04,0.228,-0.1,0.238,0.08,0
0.844,0,0,0,0.844,0
0,0.273,-0.16,0.277,0.129,0
0,0.148,0,0.148,0.148,0
0.751,-0.77,0,0,0.764,0
0.945,0.761,0,0,0.853,0
-0.8,0,0.522,-0.83,-0.71,0
0,0.111,0,0.116,0.114,0
0,0.864,0,0.751,0.807,0
-0.82,0,0,-0.92,-0.87,0
0,0,0.828,0,-0.82,0
-0.61,0,0.981,-0.98,-0.85,0
0.956,0,0,0.914,0.935,0
0.828,0.796,0,0,0.812,0
0.614,-0.95,0,0.768,0.778,0
0.903,-0.89,0,0.919,0.905,0
-0.88,0,0.75,-0.85,-0.82,0
0,0,0,0.115,0.115,0
0,0,-0.91,-0.95,-0.93,0
-0.03,0.178,-0.12,0.279,0.075,0
-0.61,0,0.981,-0.98,-0.85,0
0,0.061,0,0.061,0.061,0
-0.61,0,0.981,-0.98,-0.85,0
0.903,-0.89,0,0.919,0.905,0
0.77,0,0,0.802,0.786,0
-0.88,0,0.75,-0.85,-0.82,0
-0.95,0,0.733,-0.98,-0.89,0
0.56,0.555,-0.21,0.44,0.335,0
0,0.717,0,0.765,0.741,0
-0.09,0,-0.11,0,-0.1,0
-0.03,0.212,-0.17,0.33,0.084,0
0.96,0.762,0,0,0.861,0
0,0,0,0.097,0.097,0
0.784,0,0,0,0.784,0
-0.61,0,0.981,-0.98,-0.85,0
-0.95,0,0.159,-0.94,-0.68,0
0,0.943,0,0,0.943,0
0.871,0.947,0,0,0.909,0
0.979,-0.8,0,0,0.891,0
0.903,-0.89,0,0.919,0.905,0
0,0,-0.73,-0.86,-0.79,0
-0.04,0.253,-0.13,0.136,0.054,0
0,0,0,0.097,0.097,0
0.594,-0.73,0,0.909,0.746,0
-0.82,0,-0.96,0,-0.89,0
-0.74,0,-0.8,0,-0.77,0
0,0.998,0,0.85,0.924,0
0.979,-0.8,0,0,0.891,0
0,0,0,0.141,0.141,0
0.17,0,0.081,0.184,0.091,0
0.966,0,0,0.802,0.884,0
0.961,-0.98,0,0,0.97,0
0,0.759,0,0.769,0.764,0
0.855,0.741,0,0.862,0.819,0
0.851,0.926,0,0,0.889,0
0.035,-0.01,0.027,0.085,0.026,0
0.922,-0.78,0,0.866,0.858,0
0.901,0.817,0,0,0.859,0
0.902,0.772,0,0,0.837,0
0,0.99,0,0.782,0.886,0
0.561,-0.74,0,0.533,0.614,0
0.575,-0.62,0,0.596,0.598,0
0.721,0.858,0,0,0.789,0
0.966,0,0,0.802,0.884,0
0.836,0.717,0,0,0.776,0
0.966,0,0,0.802,0.884,0
0.855,0,0,0.899,0.877,0
0.047,0.204,-0.13,0.171,0.073,0
0,-0.66,0,0,0.66,0
0.8,0,0,0.914,0.857,0
0.033,0.076,0,0.066,0.058,0
0.993,0.962,0,0.845,0.933,0
-0.04,0.082,0,0.077,0.037,0
-0.91,0,0,0,-0.91,0
0.731,-0.85,0,0,0.794,0
0.916,0.9,0,0.933,0.916,0
0.836,0.717,0,0,0.776,0
0,0,0,0.097,0.097,0
-0.81,0,0,0,-0.81,0
0.837,-0.89,0,0.869,0.868,0
0.986,0,0,0,0.986,0
0,0.065,0.039,0.142,0.056,0
-0.81,0,0,-0.77,-0.79,0
-0.93,0,-0.99,-0.92,-0.95,0
0.979,-0.8,0,0,0.891,0
0.721,0.858,0,0,0.789,0
0.026,0.069,0,0,0.048,0
0.965,0.964,0,0,0.964,0
0,0,0,0.115,0.115,0
0,0,0,0.141,0.141,0
0,0.165,-0.08,0.179,0.085,0
0.917,0,0,0,0.917,0
0.965,0.964,0,0,0.964,0
0.986,0.897,0,0,0.942,0
0.986,0.897,0,0,0.942,0
0.986,0.897,0,0,0.942,0
0.936,-0.79,0,0.552,0.761,0
0.917,0,0,0,0.917,0
0.728,-0.72,0,0.881,0.779,0
0.986,0.897,0,0,0.942,0
0.974,0.827,0,0,0.9,0
0.855,0.841,0,0,0.848,0
0.986,0.897,0,0,0.942,0
0.811,0.945,0,0,0.878,0
0.577,-0.94,0,0.655,0.727,0
0.839,0.982,0,0,0.91,0
0.986,0.897,0,0,0.942,0
0.926,0.98,0,0,0.953,0
0.986,0.897,0,0,0.942,0
0.965,0.964,0,0,0.964,0
0.937,0,0,0,0.937,0
0.956,0,0,0.914,0.935,0
0.707,0,0,0.734,0.72,0
0.956,0,0,0.914,0.935,0
0.812,0.982,0,0.777,0.857,0
0,-0.88,0,0.854,0.869,0
0.734,0.772,0,0.841,0.782,0
-0.02,0.096,0,0.114,0.061,0
0.092,0.114,0,0.108,0.105,0
0.899,0.979,0,0,0.939,0
-0.04,0.339,-0.13,0.252,0.104,0
0.836,0.717,0,0,0.776,0
0.561,-0.74,0,0.533,0.614,0
0.885,0.838,0,0,0.861,0
-0.04,0.271,-0.2,0.386,0.102,0
-0.78,0,0.585,-0.63,-0.66,0
0.965,0.964,0,0,0.964,0
0.986,0.911,0,0,0.949,0
0.961,0.876,0,0,0.918,0
0.844,0,0,0,0.844,0
0,0,0.963,-0.83,-0.9,0
0,0.986,0,0.866,0.926,0
0.997,0.892,0,0,0.945,0
0.956,0,0,0.914,0.935,0
0,0.963,0,0.74,0.851,0
0.723,0,0,0.762,0.742,0
0.811,0.791,0,0,0.801,0
-0.15,0,-0.21,-0.15,-0.17,0
0,0.99,0,0.782,0.886,0
0,0.779,0,0,0.779,0
0,0.962,0,0.864,0.913,0
0.561,-0.74,0,0.533,0.614,0
-0.5,0,0.936,-0.95,-0.79,0
0.956,0,0,0.914,0.935,0
0.824,0,0,0,0.824,0
0.768,0.935,0,0.996,0.9,0
0.956,0,0,0.914,0.935,0
0.98,-0.85,0,0,0.916,0
0.956,0,0,0.914,0.935,0
-0.95,0,0.733,-0.98,-0.89,0
0.956,0,0,0.914,0.935,0
0,0,-0.07,0,-0.07,0
0.818,0.769,0,0,0.793,0
-0.93,0,-0.99,-0.92,-0.95,0
-0.93,0,-0.99,-0.92,-0.95,0
-0.97,0,0.84,-0.52,-0.78,0
-0.75,0,-1,0,-0.87,0
0.037,0.184,0,0.211,0.144,0
0,0,0,0.141,0.141,0
0,0.943,0,0.903,0.923,0
0.768,0.935,0,0.996,0.9,0
-0.02,0,-0.07,-0.18,-0.09,0
0,0,0,-0.9,-0.9,0
0.956,0,0,0.914,0.935,0
0.057,0.383,-0.27,0.325,0.122,0
0,-0.97,0,0,0.978,0
-0.87,0,-0.99,0,-0.93,0
0.092,0.114,0,0.108,0.105,0
0.954,0,0,0,0.954,0
0.812,0.872,0,0,0.842,0
-0.65,0,0.523,-0.73,-0.64,0
0.957,0.894,0,0.921,0.924,0
0.954,0,0,0,0.954,0
0,0,0,0.115,0.115,0
0.806,0.991,0,0.933,0.91,0
-0.96,0,-0.74,-0.91,-0.87,0
-0.95,0,0.762,0,-0.85,0
-0.91,0,0,-0.87,-0.89,0
0.08,0.153,-0.12,0.224,0.083,0
0,-0.01,0.044,-0.06,-0.03,0
0.705,0,0,0.851,0.778,0
0.871,0,0,0.959,0.915,0
0,0,-0.72,-0.95,-0.84,0
0.966,0,0,0.802,0.884,0
0.956,0,0,0.914,0.935,0
0.033,0.158,-0.06,0.145,0.067,0
-0.03,0.212,0,0.093,0.09,0
-0.83,0,0.546,-0.88,-0.75,0
0.731,0,0,0.96,0.845,0
0,0,0.948,-0.81,-0.88,0
0,0.99,0,0.782,0.886,0
0,0.82,0,0.822,0.821,0
0,0.943,0,0,0.943,0
0,0.759,0,0.769,0.764,0
0.894,0,0,0,0.894,0
0.731,0,0,0.96,0.845,0
0,0.281,0,0.206,0.243,0
0,0,0,0.891,0.891,0
0,0.942,0,0.916,0.929,0
0.818,0.769,0,0,0.793,0
0.022,-0.05,0.079,-0.11,-0.02,0
-0.97,0,-0.96,0,-0.96,0
0,0.986,0,0.866,0.926,0
0.092,0.114,0,0.108,0.105,0
0.72,0,0,0.879,0.799,0
-0.81,0,0.747,-0.88,-0.81,0
0.632,0.645,-0.24,0.295,0.333,0
0.803,0.768,0,0,0.786,0
0.575,-0.62,0,0.596,0.598,0
0,0.942,0,0.916,0.929,0
0,0,0,0.939,0.939,0
0,0.061,0,0.061,0.061,0
0.956,0,0,0.914,0.935,0
0.993,0.962,0,0.845,0.933,0
0.8,0,0,0.914,0.857,0
-0.63,0,0.694,-0.99,-0.77,0
0,0,0,0.141,0.141,0
0,0,0,0.124,0.064,0
0.812,0.872,0,0,0.842,0
0.993,0.962,0,0.845,0.933,0
0,0.943,0,0,0.943,0
-0.77,0,0.816,-0.85,-0.81,0
0,0,0.948,-0.81,-0.88,0
0.754,0,0,0.861,0.807,0
0.979,-0.8,0,0,0.891,0
0.956,0,0,0.914,0.935,0
-0.74,0.241,-0.42,0,-0.31,0
0.957,0.894,0,0.921,0.924,0
0.956,0,0,0.914,0.935,0
0,0.73,0,0.813,0.771,0
0.922,0.776,0,0,0.849,0
0.993,0.962,0,0.845,0.933,0
0.836,0.717,0,0,0.776,0
0.997,0,0,0,0.997,0
0.818,0.85,0,0.753,0.807,0
0.829,0.715,0,0,0.772,0
0.836,0.717,0,0,0.776,0
0.825,0.883,0,0,0.854,0
0.966,0,0,0.802,0.884,0
0,0.992,0,0.945,0.968,0
-0.85,0,0,-0.99,-0.92,0
-0.91,0,-0.72,-0.99,-0.87,0
0.766,0.747,0,0,0.756,0
-0.74,0,-0.8,0,-0.77,0
0,0,-0.91,-0.95,-0.93,0
0.8,0,0,0.914,0.857,0
0.966,0,0,0.802,0.884,0
0.966,0,0,0.802,0.884,0
0,0,0,0.124,0.064,0
0,0,0,0.115,0.115,0
0.966,0,0,0.802,0.884,0
0.561,-0.74,0,0.533,0.614,0
-0.97,0,-0.99,0,-0.98,0
0.922,0.776,0,0,0.849,0
0.713,0.864,0,0,0.788,0
-1,0,0,0,-1,0
0.768,0.935,0,0.996,0.9,0
0.922,0.776,0,0,0.849,0
0.899,0.979,0,0,0.939,0
0.966,0,0,0.802,0.884,0
-0.85,0,0.584,-0.79,-0.74,0
0.956,0,0,0.914,0.935,0
0,0.943,0,0,0.943,0
0.708,-0.84,0,0,0.778,0
0.966,0,0,0.802,0.884,0
0.825,0.883,0,0,0.854,0
1,0,0,0.66,0.83,0
0.787,0.996,0,0,0.891,0
-0.8,0,0,0,-0.8,0
1,0,0,0.66,0.83,0
0,0.82,0,0.822,0.821,0
-0.87,0,0,-0.86,-0.87,0
-0.1,0,-0.16,-0.23,-0.16,0
-0.1,0,-0.16,-0.23,-0.16,0
-0.96,0,-0.74,-0.91,-0.87,0
0.092,0.114,0,0.108,0.105,0
0,0.732,0,0.994,0.863,0
0.089,0,0,0.13,0.11,0
0.707,0,0,0.974,0.841,0
0,0.955,0,0.76,0.857,0
0.803,0.768,0,0,0.786,0
0.047,0,0,0.132,0.089,0
0,0.943,0,0,0.943,0
0.911,0.952,0,0,0.931,0
0.993,0.962,0,0.845,0.933,0
0.586,-0.65,0,0.503,0.58,0
0.033,-0.02,0,0.076,0.043,0
0.846,-0.83,0,0,0.838,0
-0.87,0,-0.86,0,-0.86,0
-0.85,0,0.584,-0.79,-0.74,0
0,0.943,0,0,0.943,0
0.06,-0.12,0,0,0.093,0
0,0.213,0.034,0.202,0.127,0
0.993,0.962,0,0.845,0.933,0
0.956,0,0,0.914,0.935,0
0,0,0,0.898,0.898,0
0.027,0.254,-0.2,0.294,0.092,0
0,0.061,0,0.061,0.061,0
0.707,0,0,0.734,0.72,0
0.561,-0.74,0,0.533,0.614,0
0,0.96,0,0.885,0.922,0
0.895,0,0,0,0.895,0
0.714,0.918,0,0,0.816,0
0.044,0.08,-0.07,0.095,0.035,0
0,0.881,0,0.803,0.842,0
0.936,-0.79,0,0.552,0.761,0
0.99,-0.78,0,0,0.885,0
0.956,0,0,0.914,0.935,0
0.86,-0.79,0,0.93,0.861,0
0.86,-0.79,0,0.93,0.861,0
-0.05,0.29,-0.06,0.158,0.083,0
0.836,0.717,0,0,0.776,0
-0.74,0,-0.8,0,-0.77,0
-0.85,0,0.584,-0.79,-0.74,0
0,0.985,0,0.86,0.922,0
0.249,0.33,-0.19,0.143,0.131,0
0.657,-0.88,0,0.631,0.723,0
0.657,-0.88,0,0.631,0.723,0
0.86,-0.79,0,0.93,0.861,0
0.99,-0.78,0,0,0.885,0
0.974,0.999,0,0,0.986,0
0,0.943,0,0,0.943,0
0.901,0.817,0,0,0.859,0
-0.04,0.12,-0.04,0.128,0.039,0
0,0,0.063,-0.03,-0.03,0
0.956,0,0,0.914,0.935,0
0.86,-0.79,0,0.93,0.861,0
0.962,-0.9,0,0,0.933,0
0,0.952,0,0,0.952,0
-0.61,0,0.981,-0.98,-0.85,0
0.854,-0.7,0,0.912,0.823,0
0.986,0,0,0.862,0.924,0
-0.74,0.241,-0.42,0,-0.31,0
0,0,0,0.094,0.094,0
0.901,0.817,0,0,0.859,0
0.901,0.817,0,0,0.859,0
0,0.866,0,0.997,0.931,0
0.956,0,0,0.914,0.935,0
0.956,0,0,0.914,0.935,0
-0.77,0.248,-0.45,0,-0.32,0
0.965,0.964,0,0,0.964,0
0.858,0.793,0,0,0.826,0
0.707,0,0,0.734,0.72,0
0.993,0.962,0,0.845,0.933,0
0.707,0,0,0.734,0.72,0
0,0,0,0.094,0.094,0
0.956,0,0,0.914,0.935,0
0.741,0,0,0.914,0.828,0
0.741,0,0,0.914,0.828,0
0,0,0,0.077,0.077,0
0.965,0.964,0,0,0.964,0
0.885,0.838,0,0,0.861,0
0.049,0.167,-0.05,0.295,0.115,0
0.956,0,0,0.914,0.935,0
0,0,0,0.829,0.829,0
0,0.99,0,0.782,0.886,0
0.909,0.983,0,0,0.946,0
0,0.852,0,0,0.852,0
0,0.236,0.026,0.212,0.141,0
0.956,0,0,0.914,0.935,0
0,0,0,0.829,0.829,0
0.784,0,0,0,0.784,0
0.909,0.983,0,0,0.946,0
0.033,-0.07,0,0,0.053,0
-0.74,0,-0.8,0,-0.77,0
0.719,-0.58,0,0.739,0.679,0
0.975,0.908,0,0,0.942,0
0.936,-0.79,0,0.552,0.761,0
0.899,0.979,0,0,0.939,0
0.633,-0.79,0,0.935,0.789,0
0.99,-0.78,0,0,0.885,0
0,0.943,0,0,0.943,0
0.871,0,0,0.959,0.915,0
0.956,0,0,0.914,0.935,0
0.772,0.812,0,0.727,0.77,0
0.956,0,0,0.914,0.935,0
0.962,-0.9,0,0,0.933,0
0.768,0.935,0,0.996,0.9,0
0,0,0,0.939,0.939,0
0.956,0,0,0.914,0.935,0
0.098,0.165,-0.13,0.284,0.103,0
-0.9,0,-0.71,0,-0.8,0
0.845,0.916,0,0,0.881,0
0.908,0.718,0,0,0.813,0
0.17,0,0.081,0.184,0.091,0
0.731,-0.85,0,0,0.794,0
0.995,0.801,0,0.968,0.921,0
-0.61,0,0.981,-0.98,-0.85,0
0.721,0.858,0,0,0.789,0
0.956,0,0,0.914,0.935,0
0.996,0,0,0,0.996,0
0.954,0,0,0.964,0.959,0
0.803,0.768,0,0,0.786,0
0.568,-0.79,0,0.804,0.723,0
0,0.943,0,0,0.943,0
0,0.236,0.026,0.212,0.141,0
0.956,0,0,0.914,0.935,0
-0.91,0,-0.72,-0.99,-0.87,0
0.965,0.964,0,0,0.964,0
0.754,0,0,0.864,0.809,0
0,0.943,0,0,0.943,0
0.991,0.72,0,0,0.855,0
0.887,0,0,0,0.887,0
0.723,0,0,0.98,0.851,0
0.72,0,0,0.879,0.799,0
0,0,-0.96,-0.92,-0.94,0
-0.08,0.101,-0.07,0.169,0.028,0
0.846,-0.83,0,0,0.838,0
0,0.942,0,0.916,0.929,0
0,0.82,0,0.822,0.821,0
-0.11,0.188,0.608,-0.63,-0.29,0
0,0,0.71,-0.88,-0.79,0
0.721,0.858,0,0,0.789,0
0.788,-0.6,0,0.884,0.759,0
0.782,-0.86,0,0,0.823,0
0,0.712,0,0.767,0.74,0
0,0,-0.9,-0.75,-0.83,0
0,0.82,0,0.822,0.821,0
0.956,0,0,0.914,0.935,0
0.986,0,0,0.862,0.924,0
0.956,0,0,0.914,0.935,0
-0.61,0,0.981,-0.98,-0.85,0
0,0.712,0,0.767,0.74,0
-0.53,0,0.569,-0.77,-0.62,0
0,0,-0.91,-0.95,-0.93,0
0,0.943,0,0,0.943,0
0.784,0,0,0,0.784,0
0.86,-0.79,0,0.93,0.861,0
0.561,-0.74,0,0.533,0.614,0
0.867,0,0,0.998,0.932,0
0.942,-0.58,0,0.54,0.688,0
0.991,0.72,0,0,0.855,0
0.956,0,0,0.914,0.935,0
0.825,0.883,0,0,0.854,0
0.854,-0.7,0,0.912,0.823,0
0,0.712,0,0.767,0.74,0
0.825,0.883,0,0,0.854,0
-0.7,0,-0.89,0,-0.8,0
0.922,-0.78,0,0.866,0.858,0
0,-0.09,0.128,-0.12,-0.05,0
0.049,0.167,-0.05,0.295,0.115,0
0.85,0,0,0.74,0.795,0
0,0.069,0,0,0.069,0
0.956,0,0,0.914,0.935,0
0,0,-0.87,-0.95,-0.91,0
0,0.82,0,0.822,0.821,0
0.716,-0.51,0,0.647,0.624,0
-0.63,0,0.559,-0.82,-0.67,0
0,-0.85,0,0.856,0.853,0
0.92,0.794,0,0,0.857,0
0.965,0.964,0,0,0.964,0
0.966,0,0,0.802,0.884,0
0.966,0,0,0.802,0.884,0
0.633,-0.79,0,0.935,0.789,0
0.956,0,0,0.914,0.935,0
0.02,0.171,-0.1,0.167,0.064,0
0.782,-0.86,0,0,0.823,0
0.75,-0.59,0,0.633,0.66,0
0.823,-0.97,0,0,0.897,0
0,0.306,-0.05,0.134,0.13,0
0.85,0,0,0.74,0.795,0
0,0,0.88,-0.92,-0.9,0
0.965,0.964,0,0,0.964,0
0.956,0,0,0.914,0.935,0
0,0.82,0,0.822,0.821,0
0.026,0.069,0,0,0.048,0
-0.7,0,-0.89,0,-0.8,0
0.731,0,0,0.96,0.845,0
-0.87,0,0,-0.86,-0.87,0
0.937,0.847,0,0,0.892,0
0,0,0.88,-0.92,-0.9,0
0,0.272,-0.07,0.232,0.142,0
0.956,0,0,0.914,0.935,0
0.049,0.167,-0.05,0.295,0.115,0
0,0.306,-0.05,0.134,0.13,0
0.807,0.91,0,0,0.859,0
0,0.223,-0.15,0.272,0.113,0
0.092,0.114,0,0.108,0.105,0
0.956,0,0,0.914,0.935,0
0.026,0.069,0,0,0.048,0
-0.77,0,0.816,-0.85,-0.81,0
0,0.071,0,0,0.071,0
0.739,0.841,0,0,0.79,0
0.85,0,0,0.74,0.795,0
0.281,0.203,-0.07,0.184,0.147,0
-0.07,0.354,-0.21,0.366,0.107,0
0.633,-0.5,0,0.59,0.575,0
0.026,0.069,0,0,0.048,0
0.079,0.152,-0.06,0,0.057,0
0.85,0,0,0.74,0.795,0
0.719,-0.58,0,0.739,0.679,0
0,0,-0.97,-0.93,-0.95,0
0,0,0,0.115,0.115,0
0.966,0,0,0.802,0.884,0
0.993,0.962,0,0.845,0.933,0
0,0.158,-0.12,0.359,0.131,0
0.62,-0.91,0,0.766,0.768,0
0,0.853,0,0.942,0.897,0
0.787,0.996,0,0,0.891,0
0,0,-0.91,-0.82,-0.86,0
-0.04,0.302,-0.08,0.131,0.076,0
0,0.952,0,0,0.952,0
-0.85,0,0.584,-0.79,-0.74,0
0.033,-0.07,0,0,0.053,0
0,0,-0.88,-0.83,-0.86,0
0.979,0.747,0,0.886,0.871,0
0,0.942,0,0.916,0.929,0
0.836,0.717,0,0,0.776,0
0.861,0.928,0,0,0.895,0
0,0.82,0,0.822,0.821,0
-0.7,0,-0.74,0,-0.72,0
0.753,-0.64,0,0.556,0.652,0
0.803,0.768,0,0,0.786,0
0,0.853,0,0.942,0.897,0
0.956,0,0,0.914,0.935,0
0.956,0,0,0.914,0.935,0
0.956,0,0,0.914,0.935,0
0,0.269,-0.17,0.182,0.094,0
-0.85,0,0.584,-0.79,-0.74,0
0,0.942,0,0.916,0.929,0
0.887,-0.95,0,0.913,0.917,0
0,0.952,0,0,0.952,0
0.966,0,0,0.802,0.884,0
-0.64,0,0.712,-0.78,-0.71,0
0.089,0,0,0.13,0.11,0
0.966,0,0,0.802,0.884,0
0.956,0,0,0.914,0.935,0
0,0.066,-0.06,0.088,0.031,0
0.03,0.358,-0.25,0.299,0.109,0
0,0.066,-0.06,0.088,0.031,0
0.956,0,0,0.914,0.935,0
0.818,0.769,0,0,0.793,0
0,0.065,0.039,0.142,0.056,0
0.966,0,0,0.802,0.884,0
-0.74,0,-0.8,0,-0.77,0
-0.74,0,0,-0.74,-0.74,0
0.934,-0.57,0,0.767,0.76,0
0.855,0,0,0.899,0.877,0
0.809,0.808,0,0,0.808,0
0.986,0,0,0.862,0.924,0
0,0.943,0,0,0.943,0
-0.97,0,0.54,-0.55,-0.69,0
0.965,0.964,0,0,0.964,0
0.855,0,0,0.899,0.877,0
0.026,0.069,0,0,0.048,0
-0.07,0.331,-0.11,0.275,0.105,0
0.855,0,0,0.899,0.877,0
0.62,-0.91,0,0.766,0.768,0
0,0.765,0,0.757,0.761,0
0.846,-0.83,0,0,0.838,0
0,0.933,0,0,0.933,0
0.86,-0.79,0,0.93,0.861,0
-0.74,0,0.876,-0.86,-0.82,0
0.867,0.884,0,0,0.875,0
0.633,-0.79,0,0.935,0.789,0
0.855,0,0,0.899,0.877,0
0,0.866,0,0.997,0.931,0
0.707,0,0,0.734,0.72,0
0.858,-0.89,0,0.719,0.823,0
0.993,0.962,0,0.845,0.933,0
0.855,0,0,0.899,0.877,0
0.956,0,0,0.914,0.935,0
-0.77,0,0.588,-0.8,-0.72,0
0,0.168,0,0.157,0.163,0
0.956,0,0,0.914,0.935,0
-0.05,0,-0.12,-0.16,-0.11,0
0,-0.86,0,0.762,0.815,0
0.956,0,0,0.914,0.935,0
0.966,0,0,0.802,0.884,0
0.72,0,0,0.879,0.799,0
0.716,-0.51,0,0.647,0.624,0
0,0.942,0,0.916,0.929,0
0,0.782,0,0.802,0.792,0
-0.78,0,0.577,-0.86,-0.74,0
-0.55,0,0.561,-0.51,-0.54,0
0.944,-0.84,0,0,0.894,0
0.995,0.801,0,0.968,0.921,0
0.993,0.962,0,0.845,0.933,0
0,0,-0.88,-0.96,-0.92,0
0,0,0,0.882,0.882,0
0.901,0.817,0,0,0.859,0
0.993,0.962,0,0.845,0.933,0
0.993,0.962,0,0.845,0.933,0
-0.61,0,0.856,-0.82,-0.76,0
0.633,-0.79,0,0.935,0.789,0
0.986,0,0,0.862,0.924,0
-0.74,0,-0.8,0,-0.77,0
-0.77,0,0.588,-0.8,-0.72,0
0,0.943,0,0,0.943,0
0.956,0,0,0.914,0.935,0
0,-0.06,0,0,0.069,0
-0.61,0,0.981,-0.98,-0.85,0
0.784,0,0,0,0.784,0
0.12,0.131,-0.11,0.257,0.098,0
0,-0.03,-0.05,-0.12,-0.04,0
0,0,0,0.75,0.75,0
-0.04,0.339,-0.13,0.252,0.104,0
0,0,0.889,-0.76,-0.82,0
0,0,0.889,-0.76,-0.82,0
-0.02,0,0,-0.04,-0.03,0
0.92,-0.88,0,0.695,0.833,0
0.965,0.964,0,0,0.964,0
-0.87,0,0,-0.86,-0.87,0
0,0,0,0.75,0.75,0
-0.87,0,0,-0.86,-0.87,0
0,0,0,0.75,0.75,0
0,0.982,0,0.974,0.978,0
0.845,0.888,0,0,0.867,0
0.92,-0.88,0,0.695,0.833,0
0,0,0,0.109,0.109,0
0.56,0.555,-0.21,0.44,0.335,0
0.965,0.964,0,0,0.964,0
0,0,0,0.882,0.882,0
0.956,0,0,0.914,0.935,0
0,-0.03,-0.05,-0.12,-0.04,0
0.961,0.916,0,0.901,0.926,0
0,0,0,0.744,0.744,0
-0.04,0.339,-0.13,0.252,0.104,0
0.885,0.838,0,0,0.861,0
0.956,0,0,0.914,0.935,0
0,0,0,0.736,0.736,0
0,0,0,0.964,0.964,0
0.956,0,0,0.914,0.935,0
0,0,0,0.882,0.882,0
0.62,-0.91,0,0.766,0.768,0
0.936,-0.79,0,0.552,0.761,0
0.896,0,0,0.755,0.826,0
0,0.969,0,0.945,0.957,0
-0.04,0.253,-0.13,0.136,0.054,0
0,0,-0.78,-0.99,-0.89,0
0.923,0.818,0,0,0.871,0
0.965,0.964,0,0,0.964,0
0,0.844,0,0.769,0.806,0
0.846,-0.83,0,0,0.838,0
0.961,-0.98,0,0,0.97,0
0.72,0,0,0.879,0.799,0
0,0.085,0.011,0.119,0.064,0
0,0,0,0.082,0.082,0
0.768,0.935,0,0.996,0.9,0
0.06,0.422,-0.17,0.41,0.179,0
0,0.943,0,0,0.943,0
0.902,0.772,0,0,0.837,0
-0.04,0.253,-0.13,0.136,0.054,0
0,0,-0.88,-0.95,-0.91,0
0,0.712,0,0.929,0.821,0
0,0.712,0,0.929,0.821,0
-0.04,0.253,-0.13,0.136,0.054,0
0.052,0,0,0.118,0.085,0
0,0.124,-0.07,0.207,0.086,0
0,0.75,0,0,0.75,0
0,0.108,0.029,0.09,0.056,0
0,0.82,0,0.822,0.821,0
-0.94,0,0,0,-0.94,0
-0.75,0,0.735,-0.87,-0.78,0
0.911,0.952,0,0,0.931,0
0.657,-0.88,0,0.631,0.723,0
0.936,-0.79,0,0.552,0.761,0
0,0,0.927,-0.93,-0.93,0
0.841,0.721,0,0.74,0.767,0
0.841,0.721,0,0.74,0.767,0
0.841,0.721,0,0.74,0.767,0
0.95,0.796,0,0,0.873,0
0.836,0.717,0,0,0.776,0
0.956,0,0,0.914,0.935,0
0.842,0.829,0,0.888,0.853,0
0.62,-0.91,0,0.766,0.768,0
0.956,0,0,0.914,0.935,0
-0.03,0.136,-0.09,0.105,0.028,0
0.909,0.983,0,0,0.946,0
0,0.75,0,0.781,0.766,0
0,-0.94,0,0.744,0.846,0
-0.85,0,0.584,-0.79,-0.74,0
0.714,0.965,0,0,0.839,0
0.788,0.873,0,0,0.831,0
0,0,0,-0.07,-0.07,0
0,0,-0.04,-0.04,-0.04,0
0,0.948,0,0.948,0.948,0
0.561,-0.74,0,0.533,0.614,0
-0.96,0,0.501,-0.92,-0.79,0
0,0.871,0,0.861,0.866,0
0.05,0.151,0,0.159,0.12,0
0.037,0.073,0,0.098,0.069,0
-0.78,0,0.585,-0.63,-0.66,0
0.295,0.239,0.049,0.346,0.208,0
0.909,0.983,0,0,0.946,0
0,0.243,0,0.122,0.182,0
0.092,0.114,0,0.108,0.105,0
0.867,0.949,0,0,0.908,0
0.95,0.712,0,0,0.831,0
-0.81,0,-0.78,0,-0.79,0
-0.81,0,-0.78,0,-0.79,0
0.8,0.891,0,0.827,0.839,0
0.8,0.891,0,0.827,0.839,0
0,0.765,0,0.757,0.761,0
0,0.765,0,0.757,0.761,0
0.542,-0.6,0,0.757,0.636,0
0,0.765,0,0.757,0.761,0
-0.78,0,0.585,-0.63,-0.66,0
0,0.207,-0.18,0.341,0.121,0
0.855,0,0,0.899,0.877,0
-0.8,0,0.856,-0.84,-0.83,0
0.855,0,0,0.899,0.877,0
0,0,-0.9,-0.9,-0.9,0
-0.07,0,0,-0.07,-0.07,0
0,0.069,0.025,0.074,0.039,0
0.957,0.894,0,0.921,0.924,0
-0.65,0,0.523,-0.73,-0.64,0
0.956,0,0,0.914,0.935,0
0,0.773,0,0.895,0.834,0
-0.65,0,0.523,-0.73,-0.64,0
0.826,0.787,0,0,0.806,0
0.742,0,0,0.905,0.824,0
0.936,-0.79,0,0.552,0.761,0
0,0.943,0,0,0.943,0
0.989,0,0,0,0.989,0
-0.91,0,0,-0.96,-0.94,0
0,0.978,0,0.914,0.946,0
0.049,0.167,-0.05,0.295,0.115,0
0.956,0,0,0.914,0.935,0
-0.18,-0.07,0,-0.2,-0.1,0
0,0.99,0,0.782,0.886,0
0.855,0,0,0.959,0.907,0
-0.06,0.32,-0.1,0.248,0.101,0
0.885,0,0,0.788,0.837,0
0.712,0,0,0.858,0.785,0
-0.91,0,-0.71,0,-0.81,0
0.965,0.964,0,0,0.964,0
0.716,-0.51,0,0.647,0.624,0
0,0,0,0.864,0.864,0
-0.04,0.339,-0.13,0.252,0.104,0
0.721,0.858,0,0,0.789,0
0.945,0.761,0,0,0.853,0
0.956,0,0,0.914,0.935,0
0.996,0,0,0,0.996,0
0.092,0.114,0,0.108,0.105,0
-0.84,0,0.777,-0.9,-0.84,0
-0.78,0,-0.94,0,-0.86,0
0.092,0.114,0,0.108,0.105,0
-0.95,0,0.822,-0.88,-0.88,0
-0.02,0,-0.15,-0.14,-0.11,0
0,0,0,0.124,0.064,0
0.714,0.965,0,0,0.839,0
0,0.945,0,0.892,0.918,0
0.956,0,0,0.914,0.935,0
0.966,0,0,0.802,0.884,0
0.575,-0.62,0,0.596,0.598,0
0.989,0.952,0,0,0.97,0
0,0,-0.83,-0.88,-0.86,0
0.75,-0.88,0,0.989,0.875,0
0.789,0.848,0,0,0.819,0
-0.9,0,0,-0.9,-0.9,0
0.928,0.703,0,0,0.816,0
0.995,0.801,0,0.968,0.921,0
0,0.911,0,0.99,0.951,0
0.95,0.796,0,0,0.873,0
-0.82,0,0.99,-0.87,-0.89,0
0.918,-0.88,0,0,0.901,0
0.965,0.964,0,0,0.964,0
0.854,-0.7,0,0.912,0.823,0
0.836,0.717,0,0,0.776,0
0.978,0.929,0,0,0.954,0
-0.91,0,0,-0.96,-0.94,0
0.891,0.721,0,0.921,0.844,0
-0.04,0.271,-0.2,0.386,0.102,0
0.989,0.952,0,0,0.97,0
0,0.112,0,0.137,0.124,0
0.909,0.983,0,0,0.946,0
0.956,0,0,0.914,0.935,0
-0.9,0,0,-0.9,-0.9,0
0,0,0,0.852,0.852,0
0.936,-0.79,0,0.552,0.761,0
0.989,0.952,0,0,0.97,0
0.956,0,0,0.914,0.935,0
0.965,0.964,0,0,0.964,0
0.966,0,0,0.802,0.884,0
0.877,0.902,0,0,0.889,0
0,0.952,0,0,0.952,0
0,0.792,0,0.925,0.859,0
0.632,0.645,-0.24,0.295,0.333,0
-0.82,0.226,-0.46,-0.05,-0.27,0
0,0,-0.91,-0.95,-0.93,0
0.956,0,0,0.914,0.935,0
-0.6,0,0.895,-0.54,-0.68,0
0.858,-0.76,0,0,0.813,0
0.956,0,0,0.914,0.935,0
0.956,0,0,0.914,0.935,0
0.858,-0.76,0,0,0.813,0
0,0.942,0,0.916,0.929,0
0.956,0,0,0.914,0.935,0
0.858,-0.76,0,0,0.813,0
0,0.943,0,0,0.943,0
0.858,-0.76,0,0,0.813,0
-0.61,0,0.856,-0.82,-0.76,0
0.812,0.872,0,0,0.842,0
0.956,0,0,0.914,0.935,0
0.923,0.818,0,0,0.871,0
0.966,0,0,0.802,0.884,0
-0.61,0,0.981,-0.98,-0.85,0
0.707,0,0,0.734,0.72,0
0.95,0.796,0,0,0.873,0
0.956,0,0,0.961,0.958,0
0,-0.94,0,0.744,0.846,0
0.092,0.114,0,0.108,0.105,0
0.113,0.126,0,0.11,0.116,0
0,0,0,0.084,0.084,0
0.033,-0.07,0,0,0.053,0
0.707,0,0,0.734,0.72,0
0.575,-0.62,0,0.596,0.598,0
0.978,0.929,0,0,0.954,0
0.95,0.712,0,0,0.831,0
0.731,0,0,0.96,0.845,0
0.956,0,0,0.914,0.935,0
0.855,0,0,0.899,0.877,0
0.721,0.858,0,0,0.789,0
0.575,-0.62,0,0.596,0.598,0
0.113,0.126,0,0.11,0.116,0
0,0.124,-0.07,0.207,0.086,0
0.575,-0.62,0,0.596,0.598,0
0.95,0.712,0,0,0.831,0
0.858,-0.76,0,0,0.813,0
0.883,-0.59,0,0.533,0.67,0
0,0,0,-0.07,-0.07,0
-0.6,0,0.895,-0.54,-0.68,0
0,-0.85,0,0.856,0.853,0
0,0,0,0.141,0.141,0
0.854,-0.7,0,0.912,0.823,0
0.956,0,0,0.914,0.935,0
0.072,0.098,0,0,0.085,0
0.956,0,0,0.914,0.935,0
0.788,0.873,0,0,0.831,0
0.575,-0.62,0,0.596,0.598,0
-0.05,0.163,-0.12,0.136,0.031,0
0,0,-0.91,-0.95,-0.93,0
-0.75,0,-1,0,-0.87,0
0.858,-0.76,0,0,0.813,0
-0.99,0,0.893,-0.7,-0.86,0
0,0.765,0,0.757,0.761,0
0.023,0,0,0.102,0.063,0
0.026,0.069,0,0,0.048,0
0,0.99,0,0.782,0.886,0
0,0.765,0,0.757,0.761,0
0.825,0.883,0,0,0.854,0
0.858,-0.76,0,0,0.813,0
0.026,0.069,0,0,0.048,0
0,0,0,0.124,0.064,0
0.561,-0.74,0,0.533,0.614,0
0,0.765,0,0.757,0.761,0
0.753,-0.64,0,0.556,0.652,0
0,0.943,0,0.903,0.923,0
0.845,0.888,0,0,0.867,0
0,0.061,0,0.061,0.061,0
0.883,-0.59,0,0.533,0.67,0
0,-0.94,0,0.744,0.846,0
0.113,0.126,0,0.11,0.116,0
0.916,0.9,0,0.933,0.916,0
-0.03,0.136,-0.09,0.246,0.063,0
-0.85,0,0,-0.73,-0.79,0
0,0.065,0.039,0.142,0.056,0
0.713,0,0,0.746,0.73,0
0.966,0,0,0.802,0.884,0
0.707,0,0,0.734,0.72,0
0.966,0,0,0.802,0.884,0
0,0.99,0,0.782,0.886,0
0.956,0,0,0.914,0.935,0
0.883,-0.59,0,0.533,0.67,0
0,0.275,-0.15,0.222,0.115,0
0,0.221,-0.11,0.192,0.1,0
0,-0.02,0,0.051,0.037,0
0.802,0,0,0,0.802,0
0,0.061,0,0.061,0.061,0
0.909,0.983,0,0,0.946,0
0,0.96,0,0.885,0.922,0
0,0.124,-0.07,0.207,0.086,0
0.986,0,0,0.862,0.924,0
0.966,0,0,0.802,0.884,0
0.022,-0.05,0.079,-0.11,-0.02,0
-0.07,0.207,-0.05,0.228,0.076,0
0.022,-0.05,0.079,-0.11,-0.02,0
0.965,0.964,0,0,0.964,0
0.022,-0.05,0.079,-0.11,-0.02,0
0,0.734,0,0,0.734,0
0.858,0.793,0,0,0.826,0
-0.02,0.155,-0.07,0.123,0.045,0
0.941,0.822,0,0,0.881,0
-0.91,0,-0.72,-0.99,-0.87,0
0.88,0.882,0,0,0.881,0
-0.6,0,0.895,-0.54,-0.68,0
0,0.256,-0.15,0.31,0.136,0
0,0.96,0,0.885,0.922,0
0.883,-0.59,0,0.533,0.67,0
-0.03,0.212,-0.17,0.33,0.084,0
0.966,0,0,0.802,0.884,0
0.88,0.882,0,0,0.881,0
0.069,0.14,-0.06,0.108,0.063,0
0.936,-0.79,0,0.552,0.761,0
0,0.853,0,0.942,0.897,0
0.06,-0.12,0,0,0.093,0
0.966,0,0,0.802,0.884,0
0.998,-0.89,0,0.667,0.853,0
-0.05,0.068,0,0.102,0.038,0
0.738,0.832,0,0,0.785,0
0.956,0,0,0.914,0.935,0
0.993,0.962,0,0.845,0.933,0
0.945,0.761,0,0,0.853,0
0.945,0.761,0,0,0.853,0
0.862,0,0,0.99,0.926,0
-0.86,0,0.831,-0.79,-0.83,0
0.966,0,0,0.802,0.884,0
0.721,0.858,0,0,0.789,0
0.812,0.872,0,0,0.842,0
0.895,0.946,0,0,0.92,0
0.95,0,0,0,0.95,0
0.835,-0.94,0,0.537,0.773,0
0.956,0,0,0.914,0.935,0
-0.9,0,-0.71,0,-0.8,0
0.993,0.962,0,0.845,0.933,0
0.092,0.114,0,0.108,0.105,0
0.95,0,0,0,0.95,0
0.855,0,0,0.899,0.877,0
0.03,0.09,-0.05,0.062,0.032,0
0.561,-0.74,0,0.533,0.614,0
0,0,-0.88,-0.99,-0.93,0
0.966,0,0,0.802,0.884,0
0.979,0,0,0.86,0.919,0
0.843,0.977,0,0,0.91,0
0.05,0.151,0,0.159,0.12,0
0,-0.06,0,0,0.069,0
0.743,0,0,0.868,0.805,0
0,0.765,0,0.757,0.761,0
0.026,0.069,0,0,0.048,0
0,0.935,0,0,0.935,0
0.936,-0.79,0,0.552,0.761,0
0,0,0.858,-0.8,-0.83,0
0.92,-0.88,0,0.695,0.833,0
0.908,0.971,0,0,0.94,0
0,0.75,0,0.781,0.766,0
0,0,0.061,-0.03,-0.04,0
0,0,0.971,0,-0.97,0
0,0.844,0,0.769,0.806,0
-0.85,0,0.584,-0.79,-0.74,0
0.782,-0.86,0,0,0.823,0
0.936,-0.79,0,0.552,0.761,0
0,0.835,0,0.922,0.879,0
0.738,0.832,0,0,0.785,0
0,0.943,0,0,0.943,0
0.038,0,-0.07,-0.06,-0.03,0
0.956,0,0,0.914,0.935,0
0.965,0.964,0,0,0.964,0
0.922,0.776,0,0,0.849,0
-0.05,0,-0.12,-0.16,-0.11,0
0.846,0.744,0,0,0.795,0
0.825,0.883,0,0,0.854,0
-0.71,0,0.883,0,-0.79,0
0.961,-0.98,0,0,0.97,0
0.825,0,0,0.703,0.764,0
0.868,0.99,0,0,0.929,0
0.936,-0.79,0,0.552,0.761,0
0.92,-0.88,0,0.695,0.833,0
0,0.964,0,0.974,0.969,0
-0.09,0.077,0.458,-0.62,-0.27,0
0.963,-0.84,0,0.947,0.919,0
0.561,-0.74,0,0.533,0.614,0
0.966,0,0,0.802,0.884,0
-0.08,0.101,-0.07,0.169,0.028,0
0,-0.94,0,0.744,0.846,0
0,0.844,0,0.769,0.806,0
0.057,0.383,-0.27,0.325,0.122,0
0.75,0.943,0,0,0.847,0
-0.75,0,-1,0,-0.87,0
0.825,0.883,0,0,0.854,0
0.807,0.91,0,0,0.859,0
0.514,-0.97,0,0.899,0.797,0
0.866,0.82,0,0.713,0.8,0
0.952,-0.84,0,0.875,0.89,0
0.95,0.796,0,0,0.873,0
0.823,0.982,0,0,0.902,0
0.967,-0.98,0,0.64,0.863,0
0.965,0.964,0,0,0.964,0
0.051,0.34,-0.2,0.357,0.136,0
0.033,-0.02,0,0.076,0.043,0
0.968,0.895,0,0,0.931,0
0.866,0.82,0,0.713,0.8,0
0,0,-0.73,-0.79,-0.76,0
0,0.223,-0.15,0.272,0.113,0
0.657,-0.88,0,0.631,0.723,0
-0.87,0,-0.99,0,-0.93,0
0,-0.94,0,0.744,0.846,0
0.833,0.995,0,0,0.914,0
-0.63,0,0.559,-0.82,-0.67,0
0,0.213,0.034,0.202,0.127,0
0,0,0,-0.07,-0.07,0
0,-0.06,0,0,0.069,0
-0.2,-0.04,0,-0.18,-0.11,0
0.716,-0.78,0,0,0.752,0
0,0.904,0,0.896,0.9,0
0.986,0,0,0,0.986,0
0,0.928,0,0.813,0.871,0
0.62,-0.91,0,0.766,0.768,0
0.986,0,0,0,0.986,0
0,0,0.063,-0.03,-0.03,0
0.979,-0.8,0,0,0.891,0
0,0.943,0,0,0.943,0
0.756,0,0,0,0.756,0
-0.75,0,-1,0,-0.87,0
0.295,0.239,0.049,0.346,0.208,0
0.956,0,0,0.914,0.935,0
0.957,0.894,0,0.921,0.924,0
-0.56,0,-0.49,-0.09,-0.38,0
0,0.759,0,0.769,0.764,0
0.764,0.985,0,0,0.875,0
0.956,0,0,0.914,0.935,0
0.936,-0.79,0,0.552,0.761,0
0.956,0,0,0.914,0.935,0
0.026,0.069,0,0,0.048,0
0.997,0.796,0,0.89,0.894,0
0.883,-0.59,0,0.533,0.67,0
-0.04,0.12,-0.04,0.128,0.039,0
0.952,-0.84,0,0.875,0.89,0
0.762,0,0,0.741,0.752,0
0.561,-0.74,0,0.533,0.614,0
0.757,-0.82,0,0.982,0.855,0
0.952,-0.84,0,0.875,0.89,0
-0.74,0,0,-0.74,-0.74,0
0,0,0,-0.91,-0.91,0
0.06,-0.05,0,0,0.056,0
0.843,0.977,0,0,0.91,0
0,0.105,0,0.084,0.095,0
0.862,-0.61,0,0.549,0.674,0
0.966,0,0,0.802,0.884,0
0.92,-0.88,0,0.695,0.833,0
-0.04,0.201,-0.06,0.312,0.101,0
0.993,0.962,0,0.845,0.933,0
-0.76,0,0,-0.95,-0.85,0
0.818,0.769,0,0,0.793,0
0.969,0.904,0,0,0.936,0
0.851,0.926,0,0,0.889,0
0,-0.02,0,0.051,0.037,0
0,-0.94,0,0.744,0.846,0
-0.61,0,0.856,-0.82,-0.76,0
0.036,-0.06,0,0,0.051,0
0.818,0.769,0,0,0.793,0
0.828,-0.89,0,0.693,0.806,0
0,0.213,0.034,0.202,0.127,0
0,0.726,0,0.985,0.855,0
-0.53,0,0.905,-0.58,-0.67,0
0.829,0.715,0,0,0.772,0
0.961,-0.98,0,0,0.97,0
0,0.82,0,0.822,0.821,0
0.969,0.904,0,0,0.936,0
0.112,0,0,0.141,0.127,0
0.971,0.76,0,0,0.865,0
0.964,-0.81,0,0.926,0.9,0
0.764,0.985,0,0,0.875,0
-0.91,0,0,-0.96,-0.94,0
-0.98,0,0.674,-0.93,-0.86,0
0.957,0.894,0,0.921,0.924,0
-0.83,0,0.858,-0.79,-0.83,0
0,0,-0.87,-0.95,-0.91,0
0.954,0.998,0,0,0.976,0
0.77,0,0,0.96,0.865,0
-0.59,0,0.945,-0.85,-0.79,0
-0.59,0,0.945,-0.85,-0.79,0
-0.75,0,-1,0,-0.87,0
-0.87,0,0,-0.86,-0.87,0
0.956,0,0,0.914,0.935,0
0.966,0,0,0,0.966,0
0,0.727,0,0.859,0.793,0
0.836,0.717,0,0,0.776,0
0,0,0.828,0,-0.82,0
0.846,-0.83,0,0,0.838,0
0.956,0,0,0.914,0.935,0
0,0,-0.77,-0.88,-0.83,0
0,0.943,0,0,0.943,0
0.964,0.728,0,0,0.846,0
0,-0.94,0,0.744,0.846,0
-0.95,0,0.711,0,-0.83,0
0.782,-0.86,0,0,0.823,0
-0.91,0,0,-0.96,-0.94,0
0.836,0.717,0,0,0.776,0
0.956,0,0,0.914,0.935,0
-0.96,0,0.261,-0.95,-0.72,0
0.978,-0.75,0,0,0.865,0
0,0,0.971,-0.97,-0.97,0
0.956,0,0,0.914,0.935,0
0,0.991,0,0.804,0.897,0
0,0.106,-0.1,0.249,0.083,0
-0.04,0.253,-0.13,0.136,0.054,0
0,0,0,0.844,0.844,0
0.713,0.864,0,0,0.788,0
0.085,0.107,-0.08,0,0.037,0
0.853,-0.84,0,0.794,0.832,0
-0.81,0,0.885,-0.92,-0.87,0
0.84,0,0,0.707,0.773,0
0.978,-0.75,0,0,0.865,0
0,0.194,-0.08,0.239,0.117,0
0,0,0,0.141,0.141,0
0.681,-0.57,0,0.632,0.628,0
0,0,-0.75,-0.78,-0.77,0
0,0.862,0,0.777,0.82,0
0.776,0.956,0,0,0.866,0
0,0.835,0,0.922,0.879,0
0,0.82,0,0.822,0.821,0
0,0,-0.75,-0.74,-0.75,0
0.96,0.762,0,0,0.861,0
0,0.061,0,0.061,0.061,0
0,0.96,0,0.863,0.911,0
0.942,-0.99,0,0,0.968,0
0.831,0.715,0,0,0.773,0
0.753,-0.64,0,0.556,0.652,0
-0.04,0.082,0,0.077,0.037,0
0.855,0,0,0.899,0.877,0
0.836,0.717,0,0,0.776,0
0,0,0,0.097,0.097,0
0.901,-0.91,0,0,0.909,0
0,0.95,0,0.766,0.858,0
0,0.82,0,0.822,0.821,0
0,0,0,0.124,0.064,0
0.027,0.254,-0.2,0.294,0.092,0
0.657,-0.88,0,0.631,0.723,0
0.86,-0.79,0,0.93,0.861,0
-0.04,0.11,-0.05,0.172,0.044,0
0.825,0,0,0.703,0.764,0
0.86,-0.79,0,0.93,0.861,0
-0.81,0,-0.9,0,-0.85,0
-0.56,0,-0.49,-0.09,-0.38,0
0.956,0,0,0.914,0.935,0
-0.8,0,0,-0.73,-0.77,0
0.054,-0.07,0.025,0,0.035,0
0,0.931,0,0.947,0.939,0
-0.04,0.141,-0.09,0.21,0.053,0
-0.69,0,0.766,-0.82,-0.76,0
0.956,0,0,0.914,0.935,0
-0.85,0,0.584,-0.79,-0.74,0
0.956,0,0,0.914,0.935,0
0,0,0,0.097,0.097,0
0.766,0.747,0,0,0.756,0
0.901,0.817,0,0,0.859,0
0,-0.87,0,0.881,0.876,0
0.722,0.865,0,0.748,0.778,0
0,0.919,0,0.952,0.935,0
0.194,0.307,-0.1,0.338,0.182,0
0.722,0.865,0,0.748,0.778,0
-0.99,0,0.893,-0.7,-0.86,0
0.883,-0.59,0,0.533,0.67,0
0,-0.13,0,0,0.132,0
0,0.935,0,0,0.935,0
0,0.82,0,0.822,0.821,0
0.956,0,0,0.914,0.935,0
0.055,0.356,-0.26,0.336,0.12,0
0.778,-0.5,0,0.517,0.599,0
0.8,0,0,0.914,0.857,0
-0.85,0,0.584,-0.79,-0.74,0
-0.85,0,0.584,-0.79,-0.74,0
0.854,-0.7,0,0.912,0.823,0
0.835,-0.94,0,0.537,0.773,0
-0.78,0,0.95,-0.73,-0.82,0
0.788,0.873,0,0,0.831,0
-0.53,0,0.569,-0.77,-0.62,0
0.956,0,0,0.914,0.935,0
0.037,0.068,0.051,0.171,0.056,0
-0.81,0,0,-0.77,-0.79,0
0.07,0.105,-0.07,0.058,0.041,0
0.956,0,0,0.914,0.935,0
0.561,-0.74,0,0.533,0.614,0
0.815,0.752,0,0,0.783,0
-0.99,0,0.893,-0.7,-0.86,0
0.96,0.762,0,0,0.861,0
0,0,0,0.077,0.077,0
0,0,0,0.141,0.141,0
0,0,0.88,-0.92,-0.9,0
0.784,0,0,0,0.784,0
0.96,0.762,0,0,0.861,0
0,0,0,0.094,0.094,0
0.957,0.894,0,0.921,0.924,0
0.705,0,0,0.851,0.778,0
0,0,0,-0.07,-0.07,0
0.705,0,0,0.851,0.778,0
0,-0.06,0,0,0.069,0
0,0,-0.91,-0.76,-0.84,0
0,0.82,0,0.822,0.821,0
0.956,0,0,0.914,0.935,0
0.053,0.094,0,0.136,0.094,0
0,0.31,-0.25,0.286,0.113,0
0,0.942,0,0.916,0.929,0
0,0,-0.74,-0.84,-0.79,0
0,0.942,0,0,0.942,0
-0.85,0,0.946,0,-0.89,0
0.068,0.134,-0.06,0.121,0.065,0
0.888,0.816,0,0,0.852,0
0,0.943,0,0,0.943,0
0,0.727,0,0.858,0.792,0
0.561,-0.74,0,0.533,0.614,0
-0.04,0.271,-0.2,0.386,0.102,0
0,0.943,0,0.903,0.923,0
0.561,-0.74,0,0.533,0.614,0
-0.83,0,0.943,0,-0.88,0
0,0,0.736,-0.99,-0.86,0
-0.77,0.248,-0.45,0,-0.32,0
0,0,-0.91,-0.76,-0.84,0
-0.05,0.301,-0.07,0.241,0.103,0
0,0.942,0,0,0.942,0
0.966,0,0,0.802,0.884,0
0.722,0.865,0,0.748,0.778,0
0,0,-0.74,-0.78,-0.76,0
0.191,0.227,-0.09,0.195,0.129,0
0.966,0,0,0.802,0.884,0
-0.93,0,0,-0.79,-0.86,0
0,0,0.063,-0.03,-0.03,0
0,0.875,0,0.868,0.871,0
0.956,0,0,0.914,0.935,0
0.945,0.761,0,0,0.853,0
-0.99,0,0.827,-0.63,-0.81,0
0.856,0,0,0.862,0.859,0
0.956,0,0,0.914,0.935,0
0.855,0,0,0.899,0.877,0
0,0.061,0,0.061,0.061,0
0.707,0,0,0.734,0.72,0
0,0.276,-0.21,0.323,0.129,0
0.049,0.212,0,0.195,0.152,0
0.095,0.204,-0.12,0.174,0.087,0
0.051,0.34,-0.2,0.357,0.136,0
-0.78,0,-0.94,0,-0.86,0
0.033,-0.02,0,0.076,0.043,0
0,0,0,0.097,0.097,0
0.088,-0.06,-0.08,0.126,0.05,0
0.943,-0.78,0,0.571,0.767,0
0,0,-0.09,0,-0.09,0
0.956,0,0,0.914,0.935,0
0,0,0.933,-0.86,-0.89,0
0,0.82,0,0.822,0.821,0
0.784,0,0,0,0.784,0
0,0.148,0,0.148,0.148,0
0,0.759,0,0.769,0.764,0
0.06,-0.01,0,0,0.036,0
-0.69,0,0.766,-0.82,-0.76,0
0.966,0,0,0.802,0.884,0
0.798,0.754,0,0.779,0.777,0
0,0.085,0,0.146,0.115,0
-0.71,0,0.692,-0.81,-0.74,0
0.721,0.858,0,0,0.789,0
0,0.943,0,0,0.943,0
-0.91,0,0,-0.87,-0.89,0
0.127,0.069,0.029,0.16,0.082,0
-0.96,0,-0.78,0,-0.87,0
0.888,0.816,0,0,0.852,0
0,-0.94,0,0.744,0.846,0
0,0.99,0,0.782,0.886,0
-0.8,0,0,0,-0.8,0
0,0,0.88,-0.92,-0.9,0
0,0.935,0,0,0.935,0
0.96,0.762,0,0,0.861,0
0.021,0.179,-0.13,0.164,0.058,0
0.722,0.865,0,0.748,0.778,0
0.721,0.858,0,0,0.789,0
0.966,0,0,0.802,0.884,1
0.993,0.962,0,0.845,0.933,1
0,0.33,0,0,0.33,1
0.846,0.999,0,0,0.922,1
0.092,0.205,-0.08,0.249,0.115,1
0.922,0.776,0,0,0.849,1
0.867,0.949,0,0,0.908,1
0.922,0.776,0,0,0.849,1
0.993,0.962,0,0.845,0.933,1
0.846,0.999,0,0,0.922,1
0.768,0.935,0,0.996,0.9,1
0,0.853,0,0.942,0.897,1
0.936,-0.79,0,0.552,0.761,1
0.944,0.946,0,0,0.945,1
0.89,0.975,0,0.905,0.923,1
0,0.765,0,0.757,0.761,1
0.836,0.717,0,0,0.776,1
0.99,0,0,0.982,0.986,1
0.865,-0.84,0,0.915,0.875,1
0.736,0,0,0.802,0.769,1
0.956,0,0,0.914,0.935,1
0.968,-0.83,0,0,0.903,1
-0.96,0,0.651,-0.65,-0.75,1
-0.69,0,0.766,-0.82,-0.76,1
0.986,0,0,0,0.986,1
0.828,0,0,0.945,0.886,1
0.966,0.799,0,0,0.883,1
0.956,0,0,0.914,0.935,1
0.922,0.776,0,0,0.849,1
0.966,0,0,0.802,0.884,1
0.966,0,0,0.802,0.884,1
-0.99,0,-0.73,0,-0.86,1
0.922,0.972,0,0,0.947,1
0.756,0.959,0,0,0.857,1
0.891,0.721,0,0.921,0.844,1
0.956,0,0,0.914,0.935,1
-0.78,0,0.577,-0.86,-0.74,1
0.865,-0.84,0,0.915,0.875,1
0.846,0.999,0,0,0.922,1
0,0,-0.8,-0.94,-0.87,1
0.89,0.975,0,0.905,0.923,1
0.922,0.776,0,0,0.849,1
0.756,0.959,0,0,0.857,1
0,0.991,0,0.804,0.897,1
0.956,0,0,0.914,0.935,1
-0.94,0,0.935,0,-0.94,1
0,0,0,0.097,0.097,1
-0.55,0,0.561,-0.51,-0.54,1
-0.72,0,-0.89,0,-0.8,1
0,0.711,0,0.979,0.845,1
0.989,0,0,0,0.989,1
0.967,0.795,0,0.706,0.823,1
1,0,0,0.66,0.83,1
0.895,0.946,0,0,0.92,1
0.833,0.995,0,0,0.914,1
0,-0.85,0,0.856,0.853,1
-0.93,0,-0.99,-0.92,-0.95,1
0.856,0,0,0.862,0.859,1
0,0,-0.98,-0.76,-0.87,1
-0.85,0,0.584,-0.79,-0.74,1
0.92,-0.88,0,0.695,0.833,1
0,0.978,0,0.914,0.946,1
0.899,0.979,0,0,0.939,1
-0.78,0,-0.94,0,-0.86,1
0.918,0,0,0.994,0.956,1
0.95,0,0,0,0.95,1
0.937,0,0,0,0.937,1
0.937,0,0,0,0.937,1
0.997,0,0,0,0.997,1
0.956,0,0,0.914,0.935,1
0.99,0.907,0,0,0.949,1
0.993,0.962,0,0.845,0.933,1
0,0.963,0,0.941,0.952,1
0.918,0,0,0.994,0.956,1
0.956,0,0,0.914,0.935,1
0.861,0.928,0,0,0.895,1
0.871,0,0,0.959,0.915,1
0.995,-0.78,0,0,0.889,1
0.944,0.946,0,0,0.945,1
0.677,-0.57,0,0.625,0.627,1
0,0.774,0,0.767,0.77,1
0.707,0,0,0.734,0.72,1
0.993,0.962,0,0.845,0.933,1
0.993,0.962,0,0.845,0.933,1
0.922,0.776,0,0,0.849,1
0.902,0.772,0,0,0.837,1
0.993,0.962,0,0.845,0.933,1
0,0.788,0,0.753,0.77,1
0,0.805,0,0.79,0.798,1
0,-0.06,0,0,0.069,1
0.993,0.962,0,0.845,0.933,1
0,0.943,0,0,0.943,1
0.986,0,0,0,0.986,1
0,0.99,0,0.782,0.886,1
0.863,0.861,0,0,0.862,1
0.993,0.962,0,0.845,0.933,1
0,0.853,0,0.942,0.897,1
0.721,0.858,0,0,0.789,1
0,0.99,0,0.782,0.886,1
-0.78,0,0.585,-0.63,-0.66,1
0,0,0,0.799,0.799,1
-0.03,0.306,-0.07,0.241,0.11,1
0,0.841,0,0,0.841,1
0,0.759,0,0.769,0.764,1
0.803,0.768,0,0,0.786,1
0,0.717,0,0.765,0.741,1
0,0.286,-0.22,0.383,0.147,1
0.903,-0.89,0,0.919,0.905,1
-0.78,0,0.754,-0.96,-0.83,1
-0.78,0,0.754,-0.96,-0.83,1
0.944,-0.84,0,0,0.894,1
0.825,0.883,0,0,0.854,1
0.031,0.176,0,0,0.103,1
0.956,0,0,0.914,0.935,1
0.56,0.555,-0.21,0.44,0.335,1
0.867,0,0,0.998,0.932,1
0.889,0,0,0,0.889,1
0.295,0.239,0.049,0.346,0.208,1
0.966,0,0,0.802,0.884,1
0.026,0.069,0,0,0.048,1
0.855,0,0,0.899,0.877,1
0.836,0.717,0,0,0.776,1
0.997,0,0,0,0.997,1
-1,0,0,0,-1,1
0,0,0,0.939,0.939,1
0.956,0,0,0.914,0.935,1
0.855,0,0,0.899,0.877,1
0.855,0,0,0.899,0.877,1
0,0.962,0,0.864,0.913,1
0.986,0.897,0,0,0.942,1
0,0.991,0,0.804,0.897,1
0.719,-0.58,0,0.739,0.679,1
0.816,-0.83,0,0.7,0.784,1
0.986,0.897,0,0,0.942,1
0,0,0,0.882,0.882,1
0.933,0,0,0.946,0.94,1
0.993,0.962,0,0.845,0.933,1
0,0.732,0,0.994,0.863,1
1,0,0,0.66,0.83,1
0,0.866,0,0.997,0.931,1
0,0,-0.75,-0.74,-0.75,1
0,0,0,0.882,0.882,1
0.993,0.962,0,0.845,0.933,1
0.956,0,0,0.914,0.935,1
0.922,0.776,0,0,0.849,1
0.922,0.776,0,0,0.849,1
0.497,0.453,-0.23,0.189,0.226,1
0,0,0,-0.86,-0.86,1
0.993,0.962,0,0.845,0.933,1
0.856,0,0,0.862,0.859,1
0.993,0.962,0,0.845,0.933,1
0.993,0.962,0,0.845,0.933,1
0,0.962,0,0.864,0.913,1
0.909,0.983,0,0,0.946,1
0.868,0.99,0,0,0.929,1
0,0.963,0,0.941,0.952,1
0,0.952,0,0,0.952,1
0.956,0,0,0.914,0.935,1
0.911,0.952,0,0,0.931,1
0.956,0,0,0.914,0.935,1
0,0,0,1,1,1
0.956,0,0,0.914,0.935,1
-0.99,0,0.877,-0.77,-0.88,1
-0.04,0.302,-0.08,0.131,0.076,1
0.868,0.99,0,0,0.929,1
-0.75,0,-1,0,-0.87,1
0.984,0,0,0,0.984,1
0.973,-0.74,0,0.974,0.898,1
0.956,0,0,0.914,0.935,1
0.892,0.88,0,0,0.886,1
0.899,0.979,0,0,0.939,1
0,0.712,0,0.929,0.821,1
0.995,-0.69,0,0.528,0.74,1
0.833,0.995,0,0,0.914,1
0.997,0,0,0,0.997,1
-0.7,0,-0.89,0,-0.8,1
0.997,0,0,0,0.997,1
0.768,0.935,0,0.996,0.9,1
0.957,0.894,0,0.921,0.924,1
-1,0,0,0,-1,1
0,0,0,1,1,1
-0.37,0.11,-0.21,-0.06,-0.13,1
-0.82,0,0.958,-0.55,-0.78,1
0.858,0.793,0,0,0.826,1
-0.95,0,0.941,-0.57,-0.82,1
0.965,0.964,0,0,0.964,1
0.993,0.962,0,0.845,0.933,1
0.868,0.99,0,0,0.929,1
0.922,0.776,0,0,0.849,1
0.922,0.776,0,0,0.849,1
0.997,0,0,0,0.997,1
0.773,0.708,0,0.961,0.814,1
0.993,0.962,0,0.845,0.933,1
0.868,0.99,0,0,0.929,1
0.956,0,0,0.914,0.935,1
0.914,0,0,0.954,0.934,1
0.966,0,0,0.802,0.884,1
0,0.921,0,0.982,0.952,1
0.944,0.946,0,0,0.945,1
0.993,0.962,0,0.845,0.933,1
0.098,0.165,-0.13,0.284,0.103,1
0.922,0.776,0,0,0.849,1
0,0.943,0,0,0.943,1
0.969,0.9,0,0.967,0.945,1
0.639,-0.7,0,0.507,0.616,1
0.038,-0.03,0,0.079,0.052,1
0.997,0,0,0,0.997,1
1,0,0,0.66,0.83,1
-0.78,0,-0.94,0,-0.86,1
0.988,0.705,0,0,0.847,1
0.092,0.112,-0.08,0.052,0.042,1
0,0.892,0,0,0.892,1
0,0.943,0,0,0.943,1
0.956,0,0,0.914,0.935,1
0.986,0,0,0,0.986,1
-0.83,0,0.87,-0.97,-0.89,1
0.993,0.962,0,0.845,0.933,1
0,0,0,0.817,0.817,1
-0.99,0,-0.73,0,-0.86,1
0.944,0.946,0,0,0.945,1
0.966,0,0,0.802,0.884,1
0.768,0.935,0,0.996,0.9,1
0.882,0,0,0.959,0.92,1
1,0,0,0.66,0.83,1
0,0.943,0,0,0.943,1
0.801,-0.88,0,0,0.845,1
0,0.963,0,0.941,0.952,1
0.884,0.998,0,0,0.941,1
0,0,-0.92,-0.88,-0.9,1
0.833,0.995,0,0,0.914,1
0.833,0.995,0,0,0.914,1
0.993,0.962,0,0.845,0.933,1
0.993,0.962,0,0.845,0.933,1
-0.78,0,-0.94,0,-0.86,1
0.956,0,0,0.914,0.935,1
0,0.911,0,0.99,0.951,1
0,0.256,-0.15,0.31,0.136,1
0,0,0,0.939,0.939,1
0,0,0,0.961,0.961,1
0.855,0,0,0.899,0.877,1
0.057,0,0.023,0.124,0.053,1
0.902,0.772,0,0,0.837,1
0.812,0.872,0,0,0.842,1
0,0.943,0,0,0.943,1
0.765,0.804,0,0,0.784,1
0.986,0,0,0,0.986,1
0.956,0,0,0.914,0.935,1
0.956,0,0,0.914,0.935,1
0,0.99,0,0.782,0.886,1
0.912,0.749,0,0,0.831,1
0.709,0.977,0,0.795,0.827,1
0.96,0.762,0,0,0.861,1
0.844,0,0,0,0.844,1
0.767,0,0,0.893,0.83,1
0.901,0.817,0,0,0.859,1
0.885,0,0,0.982,0.933,1
0,0,-1,-1,-1,1
0.561,-0.74,0,0.533,0.614,1
0.965,0.964,0,0,0.964,1
0.889,0,0,0,0.889,1
1,0,0,0.66,0.83,1
0.825,0.883,0,0,0.854,1
0.98,-0.74,0,0.984,0.903,1
0,0.111,0,0.116,0.114,1
-0.74,0,-0.8,0,-0.77,1
0.633,-0.5,0,0.59,0.575,1
0,0,0,0.115,0.115,1
0,0.111,0,0.116,0.114,1
0,0.069,0,0,0.069,1
0.079,0.152,-0.06,0,0.057,1
0.85,0,0,0.74,0.795,1
0.77,0,0,0.802,0.786,1
0.862,-0.82,0,0,0.841,1
-0.32,0.133,-0.38,0,-0.19,1
0.995,0.801,0,0.968,0.921,1
0.773,0.727,0,0,0.75,1
-0.85,0,0.584,-0.79,-0.74,1
0,0,0.865,-0.95,-0.9,1
1,0,0,0.66,0.83,1
0.956,0,0,0.914,0.935,1
0.803,0.768,0,0,0.786,1
0,0,-0.87,-0.84,-0.85,1
0,0,0,0.964,0.964,1
0.993,0.962,0,0.845,0.933,1
0.92,-0.88,0,0.695,0.833,1
0.916,0.9,0,0.933,0.916,1
0.956,0,0,0.914,0.935,1
1,0,0,0.66,0.83,1
0.956,0,0,0.914,0.935,1
0.899,0.979,0,0,0.939,1
0.993,0.962,0,0.845,0.933,1
0,0.952,0,0,0.952,1
0.72,0,0,0.879,0.799,1
-0.91,0,0,0,-0.91,1
-0.78,0,-0.94,0,-0.86,1
-0.47,0.105,-0.43,-0.06,-0.21,1
0.941,0.972,0,0,0.956,1
-0.91,0,0.921,-0.73,-0.85,1
0.993,0.962,0,0.845,0.933,1
0,0,0,0.961,0.961,1
0.773,0.708,0,0.961,0.814,1
0.767,0,0,0.893,0.83,1
0.973,0.804,0,0,0.889,1
0.902,0.772,0,0,0.837,1
0.89,0.819,0,0,0.855,1
1,0,0,0.66,0.83,1
0.956,0,0,0.914,0.935,1
0,0.985,0,0.794,0.889,1
0.956,0,0,0.914,0.935,1
0.868,0,0,0,0.868,1
0,0.734,0,0,0.734,1
0.965,0.964,0,0,0.964,1
0.902,0.772,0,0,0.837,1
0.909,0.983,0,0,0.946,1
0.02,0.078,0,0,0.049,1
0.796,0.925,0,0,0.861,1
0.846,-0.83,0,0,0.838,1
0.966,0,0,0.802,0.884,1
0.993,0.962,0,0.845,0.933,1
0.767,0.992,0,0,0.879,1
0.959,0.924,0,0,0.942,1
0,0.861,0,0.751,0.806,1
0.657,-0.88,0,0.631,0.723,1
0.956,0,0,0.914,0.935,1
0.041,0.157,0,0.164,0.121,1
0.883,-0.59,0,0.533,0.67,1
0.961,0.916,0,0.901,0.926,1
0.799,0.834,0,0,0.817,1
0,0.248,-0.06,0.222,0.135,1
0.806,0.991,0,0.933,0.91,1
0.799,0.834,0,0,0.817,1
0.838,0.828,0,0,0.833,1
0,0.853,0,0.942,0.897,1
0.956,0,0,0.914,0.935,1
0.753,-0.64,0,0.556,0.652,1
-0.94,0,0.866,-0.91,-0.9,1
0.966,0,0,0.802,0.884,1
0.966,0,0,0.802,0.884,1
0,0.952,0,0,0.952,1
0.966,0,0,0.802,0.884,1
-0.72,0,-0.89,0,-0.8,1
0.736,0,0,0.802,0.769,1
0.936,-0.79,0,0.552,0.761,1
-0.82,0,0.99,-0.87,-0.89,1
0,-0.97,0,0,0.978,1
0.736,0,0,0.802,0.769,1
0.909,0.983,0,0,0.946,1
0.802,0,0,0,0.802,1
0.767,0.992,0,0,0.879,1
0.997,0,0,0,0.997,1
0.72,0,0,0.879,0.799,1
0.909,0.983,0,0,0.946,1
0.99,0,0,0.982,0.986,1
0.028,0.176,0,0.134,0.113,1
0.905,0.773,0,0.892,0.857,1
0.934,-0.57,0,0.767,0.76,1
0.997,0,0,0,0.997,1
0,0.866,0,0.997,0.931,1
0.997,0,0,0,0.997,1
0.941,0.972,0,0,0.956,1
-0.77,0,0.816,-0.85,-0.81,1
0.993,0.962,0,0.845,0.933,1
0.986,0,0,0,0.986,1
0,0,0.865,-0.95,-0.9,1
0.993,0.962,0,0.845,0.933,1
-0.75,0,0,-0.91,-0.83,1
0.854,-0.7,0,0.912,0.823,1
0.966,0,0,0.802,0.884,1
0,0.885,0,0.73,0.807,1
0.8,0,0,0.914,0.857,1
0.961,0.916,0,0.901,0.926,1
0.905,0.773,0,0.892,0.857,1
0.836,0.717,0,0,0.776,1
0.959,0.924,0,0,0.942,1
-0.93,0,0,-0.79,-0.86,1
-0.88,0,-0.93,0,-0.91,1
0.855,0,0,0.899,0.877,1
0,0.792,0,0.925,0.859,1
0,-0.85,0,0.856,0.853,1
0.922,0.776,0,0,0.849,1
0,-0.66,0,0,0.66,1
0.974,0.789,0,0.828,0.864,1
0,0.765,0,0.757,0.761,1
0.901,0.817,0,0,0.859,1
0.806,0,0,0,0.806,1
0.75,0.855,0,0,0.802,1
0.973,-0.74,0,0.974,0.898,1
0.965,0.964,0,0,0.964,1
0.98,-0.74,0,0.984,0.903,1
0.991,0.945,0,0,0.968,1
0.956,0,0,0.914,0.935,1
0.956,0,0,0.914,0.935,1
0,-0.85,0,0.856,0.853,1
0.75,0.943,0,0,0.847,1
0.986,0,0,0.862,0.924,1
0.986,0,0,0.862,0.924,1
0.8,0.891,0,0.827,0.839,1
0.249,0.33,-0.19,0.143,0.131,1
0.932,0,0,0.869,0.901,1
0.903,0,0,0,0.903,1
-0.77,0,0.588,-0.8,-0.72,1
0.791,0.934,0,0.85,0.858,1
0.937,0,0,0,0.937,1
0,0,0,0.744,0.744,1
0.799,0.834,0,0,0.817,1
0,0.148,0,0.148,0.148,1
0.72,0,0,0.879,0.799,1
0.966,0,0,0.802,0.884,1
0.703,0.948,0,0,0.825,1
0.736,0,0,0.802,0.769,1
0,0.892,0,0,0.892,1
0.709,0.977,0,0.795,0.827,1
0,0.892,0,0,0.892,1
0.8,0.891,0,0.827,0.839,1
0.997,0,0,0.972,0.984,1
0.758,-0.95,0,0,0.857,1
0.922,0.776,0,0,0.849,1
0.069,0.21,-0.06,0.285,0.124,1
0,0.712,0,0.929,0.821,1
0.944,0.946,0,0,0.945,1
0,0,0,0.75,0.75,1
0.993,0.962,0,0.845,0.933,1
0.96,0.762,0,0,0.861,1
0.709,0.977,0,0.795,0.827,1
0.753,-0.64,0,0.556,0.652,1
0.993,0.962,0,0.845,0.933,1
0.905,0.773,0,0.892,0.857,1
0.73,0,0,0,0.73,1
0.767,0.985,0,0.918,0.89,1
0,0.962,0,0.864,0.913,1
0.978,0.929,0,0,0.954,1
0.743,0,0,0.868,0.805,1
0.057,0,0.023,0.124,0.053,1
0,0.903,0,0.911,0.907,1
0.956,0,0,0.914,0.935,1
0.028,0.123,0.071,0.162,0.06,1
0.997,0,0,0,0.997,1
0,0.33,0,0,0.33,1
0.922,0.776,0,0,0.849,1
0.112,0,0,0.141,0.127,1
0.922,0.776,0,0,0.849,1
0.868,0,0,0,0.868,1
0.867,0.949,0,0,0.908,1
0.96,0.762,0,0,0.861,1
0.726,0.497,-0.3,0.325,0.31,1
0.883,-0.59,0,0.533,0.67,1
-0.81,0,0,0,-0.81,1
0,0.943,0,0,0.943,1
0.944,0.946,0,0,0.945,1
0.633,-0.79,0,0.935,0.789,1
0.973,0.804,0,0,0.889,1
0.956,0,0,0.914,0.935,1
0.989,0.947,0,0,0.968,1
0,0,0.021,-0.06,-0.04,1
0.96,0.904,0,0,0.932,1
0.974,0.827,0,0,0.9,1
0.956,0,0,0.914,0.935,1
0.047,0,0,0.132,0.089,1
0.993,0.962,0,0.845,0.933,1
-0.03,0.118,0.472,-0.46,-0.21,1
0.905,0.773,0,0.892,0.857,1
0.905,0.779,0,0.921,0.868,1
0.819,-0.84,0,0,0.831,1
0.956,0,0,0.914,0.935,1
0,0.943,0,0,0.943,1
0.927,0.773,0,0,0.85,1
0,0,-0.96,-0.92,-0.94,1
0.995,0.801,0,0.968,0.921,1
0.957,0,0,0.759,0.858,1
0.868,0.99,0,0,0.929,1
0.72,0,0,0.879,0.799,1
0.995,0.801,0,0.968,0.921,1
0,-0.84,0,0.914,0.878,1
0.937,0,0,0,0.937,1
0.922,0.776,0,0,0.849,1
-0.9,0,-0.71,0,-0.8,1
0.883,-0.59,0,0.533,0.67,1
0.966,0,0,0.802,0.884,1
0.765,0.804,0,0,0.784,1
0.147,0.126,-0.09,0.314,0.123,1
0.966,0,0,0.802,0.884,1
0.894,0,0,0,0.894,1
1,0,0,0.66,0.83,1
0.956,0,0,0.914,0.935,1
0.956,0,0,0.914,0.935,1
0.888,-0.79,0,0,0.843,1
0.539,0.874,0,0.843,0.752,1
1,0,0,0.66,0.83,1
0,0.071,0,0,0.071,1
0.922,0.776,0,0,0.849,1
0,0.078,0.027,0.196,0.082,1
0.899,0.979,0,0,0.939,1
0.993,0.962,0,0.845,0.933,1
-0.02,0.249,0,0.116,0.112,1
-0.09,0.286,-0.18,0.227,0.058,1
0.714,0.965,0,0,0.839,1
0.037,0.09,0.049,0.223,0.075,1
0.806,0.991,0,0.933,0.91,1
0.791,0.934,0,0.85,0.858,1
0.806,0.991,0,0.933,0.91,1
0.956,0,0,0.914,0.935,1
0.998,-0.54,0,0.856,0.798,1
0.956,0,0,0.914,0.935,1
0.956,0,0,0.914,0.935,1
0,0.08,0.068,0.213,0.075,1
0.059,0.171,0.045,0.234,0.105,1
0.986,0,0,0,0.986,1
0,0.853,0,0.942,0.897,1
0.905,0.773,0,0.892,0.857,1
0.722,-0.76,0,0.946,0.811,1
0.868,0.99,0,0,0.929,1
0,0,-0.8,0,-0.8,1
0.05,0.363,-0.09,0.307,0.157,1
0,0.991,0,0.804,0.897,1
0.855,0.841,0,0,0.848,1
0.617,-0.84,0,0.868,0.778,1
0,0.712,0,0.929,0.821,1
0,0.962,0,0.864,0.913,1
0.06,0.422,-0.17,0.41,0.179,1
0.825,0.883,0,0,0.854,1
0,0.892,0,0,0.892,1
0.037,0.09,0.049,0.223,0.075,1
0.956,0,0,0.914,0.935,1
0,0.192,0.019,0.058,0.077,1
0.946,0.738,0,0,0.842,1
0.043,0.084,0,0.139,0.089,1
0.833,-0.97,0,0.91,0.906,1
0.575,-0.62,0,0.596,0.598,1
0,0.924,0,0.978,0.951,1
0.989,0.952,0,0,0.97,1
0,0.772,0,0.91,0.841,1
0.916,0.9,0,0.933,0.916,1
0.993,0.962,0,0.845,0.933,1
0,0.924,0,0.978,0.951,1
0.989,0.952,0,0,0.97,1
0.846,0.877,0,0,0.861,1
0.033,0.186,0,0,0.11,1
0.842,0.829,0,0.888,0.853,1
0.075,0.115,0,0.124,0.105,1
0.993,0.962,0,0.845,0.933,1
0.956,0,0,0.914,0.935,1
0.833,0.995,0,0,0.914,1
0,0.952,0,0,0.952,1
0.997,0,0,0,0.997,1
0,0,-0.84,-0.91,-0.87,1
0.855,0,0,0.899,0.877,1
0.941,0.822,0,0,0.881,1
0.997,0,0,0,0.997,1
0.956,0,0,0.961,0.958,1
0.883,-0.59,0,0.533,0.67,1
-0.78,0,-0.94,0,-0.86,1
0,0.184,-0.05,0.179,0.104,1
0,0.853,0,0.942,0.897,1
0.816,0,0,0,0.816,1
0,0.866,0,0.997,0.931,1
0.981,0.855,0,0.884,0.907,1
0,0.892,0,0,0.892,1
0.986,0,0,0,0.986,1
0.966,0,0,0.802,0.884,1
0.902,0.772,0,0,0.837,1
0.92,-0.88,0,0.695,0.833,1
0.966,0,0,0.802,0.884,1
0.957,0.7,0,0,0.829,1
0.973,-0.74,0,0.974,0.898,1
1,0,0,0.66,0.83,1
0.942,-0.58,0,0.54,0.688,1
0,0.775,0,0.799,0.787,1
0.931,-0.82,0,0.709,0.822,1
0,0,-0.92,-0.96,-0.94,1
-0.91,0,0,-0.96,-0.94,1
0.836,0.717,0,0,0.776,1
-0.95,0,0,0,-0.95,1
0.961,0.916,0,0.901,0.926,1
0.994,0.884,0,0,0.939,1
0.994,0.884,0,0,0.939,1
0,0.792,0,0.925,0.859,1
0.922,0.776,0,0,0.849,1
0.993,0.962,0,0.845,0.933,1
0.707,0,0,0.734,0.72,1
0,-0.73,0,0,0.735,1
0.922,0.776,0,0,0.849,1
0.894,0,0,0,0.894,1
0.707,0,0,0.734,0.72,1
0.966,0,0,0.802,0.884,1
0.966,0,0,0.802,0.884,1
0,-0.66,0,0,0.66,1
0.836,0.717,0,0,0.776,1
0,0.208,-0.14,0.162,0.076,1
0,0.923,0,0,0.923,1
-0.9,0,-0.83,0,-0.87,1
0.966,0,0,0.802,0.884,1
0.973,-0.74,0,0.974,0.898,1
0,0.871,0,0.861,0.866,1
0.997,0,0,0,0.997,1
0.816,-0.83,0,0.7,0.784,1
0.839,0.982,0,0,0.91,1
0,-0.86,0,0.762,0.815,1
0.025,0.251,0.013,0.165,0.107,1
0.979,-0.8,0,0,0.891,1
0,0,0,-0.97,-0.97,1
0.997,0,0,0.972,0.984,1
0.768,0.902,0,0,0.835,1
0,-0.83,0,0.819,0.825,1
0.997,0,0,0,0.997,1
0.858,0,0,0.8,0.829,1
0.681,-0.57,0,0.632,0.628,1
0.993,0.962,0,0.845,0.933,1
0.996,0,0,0,0.996,1
0.965,0.964,0,0,0.964,1
-0.85,0,0,-0.73,-0.79,1
0.993,0.962,0,0.845,0.933,1
0.959,0.821,0,0.892,0.891,1
0.8,0.891,0,0.827,0.839,1
-0.83,0.214,-0.39,-0.1,-0.28,1
0,0.712,0,0.929,0.821,1
0.986,0,0,0,0.986,1
0.842,0.829,0,0.888,0.853,1
0.731,-0.85,0,0,0.794,1
0.782,-0.86,0,0,0.823,1
0.865,0,0,0.958,0.911,1
0.855,0,0,0.899,0.877,1
0.928,-0.87,0,0.679,0.829,1
0.799,0.834,0,0,0.817,1
0.853,-0.84,0,0.794,0.832,1
0.997,0,0,0,0.997,1
0.997,0,0,0,0.997,1
0.726,0.497,-0.3,0.325,0.31,1
0,0,0,1,1,1
0.791,0.934,0,0.85,0.858,1
0.997,0,0,0,0.997,1
0.057,0,0.023,0.124,0.053,1
0.859,-0.81,0,0.615,0.761,1
0.72,0,0,0.879,0.799,1
0.956,0,0,0.914,0.935,1
0.095,0.204,-0.12,0.174,0.087,1
-0.69,0,0.766,-0.82,-0.76,1
0.92,-0.88,0,0.695,0.833,1
0,0,-0.87,-0.95,-0.91,1
-0.94,0,0.991,-0.65,-0.86,1
0.956,0,0,0.914,0.935,1
0.883,-0.59,0,0.533,0.67,1
